Id,ProductId,UserId,ProfileName,HelpfulnessNumerator,HelpfulnessDenominator,Score,Time,Summary,Text
165581,B001QE7J2G,A2VZIJHABHMIQW,"P. R. Schlosser ""REAL DOG LOVER""",6,7,1,1218153600,Canidae made my dogs VERY SICK,"New food and or changed formula's need to be introduced to animals slowly. Very slowly. However, I was not given this option by Canidae when I ran out of the old All Stages Life Dry Dog Food and purchased a new bag of the new formula (no warning label) with none of the old to mix in. That is the problem I'm having with my four dogs, 2 of which are 12 years old. Granted, the changes may be an added benefit to their new formula but it's NOT a benefit if they don't notify their consumers that there has been quite an extensive change (19 additional items) to their recipe.  Meanwhile, I've had to deal with 4 dogs who have been vomiting and have bloody diarrhea as well as vet bills for the past 17 days because of Canidae's neglectful oversight on not informing their consumers. I just found out about the NEW formula 2 days ago while researching Canidae on the web and found more disgruntled consumers.  That is why I give them 1 star.  The one good thing I can say about Canidae (their old formula was great by the way) is thank God this can't be compared to the recall of last year that killed thousands of pets.  By the way, what WAS wrong with the old formula????"
268304,B0040K41MY,A23RZIU0N8K2KR,M. Caceres,2,3,4,1338422400,Changed their formula: taste like Vanilla & Cornmeal,"I love Nature's Path, however with this cereal I am not disappointed, but I am not impressed either.<br /><br />First off, if you take a look at the pictures, you see will see a good mix of Corn, Rice, Flax, Quinoa, Buckwheat & Amaranth. However, it appears that when Nature's Path change the look on their boxes, they also change their formula. Mines was about 70% cornmeal, 30% everything else. I have uploaded a photo so hopefully you can see what I saw (should be one of the very last photos in the gallery).<br /><br />Because mines was 70% cornmeal, the cereal DID taste like vanilla but it had a cornmeal aftertaste. If you take a long time with your cereal, slowly the vanilla transfers onto the milk, and the cereal mostly take like cornmeal.<br /><br />Now if you like the taste of corn, that's fine. But I was expecting more flavors particularly the flax and amaranth, but those flavors were lost in the mix.<br /><br />This product IS however 100% organic except for natural vanilla flavor, sea salt, and tocopherols (natural vitamin E). Compare to other cereals, it is low in calories (110), contains no cholesterol, and is high in fiber (12% of your daily values). However, because it is organic with very little added to it, it is low in nutrition compare to other non-organic cereals such as special K. It only has 4% iron (surprisingly, Vitamin E is not listed as a nutrition even though it is listed as an ingredient).<br /><br />Other pros of the cereal is that it contains 0.15g of Omega 3 per serving, which is 11% of the recommended daily value of 1.3g<br /><br />It is also gluten-free for those who can't consume gluten as well as certified USDA organic. My cereal box expired Nov 02 2012.<br /><br />The box says that Nature's Path change their boxes by making their packages smaller to reduce 10% of their impact on the planet by saving on water, energy and paperboard. However, I am also 100% convinced that their also change their formula to include more of the cheaper cornmeal and include less of the more expensive ingredients."
549857,B004779XNW,ARQB38AZJBQN0,Maureen Federico,1,1,5,1309824000,Great coffee!,"This is a full bodied, delicious blend of coffee. The package came quickly and in perfect condition. I'll order this again and again. Makes mornings much more bearable."
165898,B0009F3SA0,A3I0ZP2CTZBPOH,"Monica Harris ""monica harris""",9,9,4,1207267200,great tea but too much stevia,"My 10 yr. old and I drink caffeine free tea every night. This one has more and seemingly better ingredients than our usual sleep time tea, but it is too heavy on the stevia leaf which leaves a very strong ""sweet & low"" type aftertaste.<br />It does have very relaxing qualities and the flavor is great until the aftertaste of each sip. I am going to try using one bag of this and one bag of our usual sleep time tea to see if this helps because it really is a good tea if you are used to using artificial sweetners (as I am not) and want a healthier alternative. Half as much stevia and I would give it 5 stars."
165909,B0009F3SA0,A21VGNU5959O85,Laura Terese Henri,4,4,5,1245024000,Excellent alternative to taking Pills.,"I am a night owl, not by choice but because my mind is so full of information, stress, memories, etc I cannot just fall asleep. I have stopped drinking caffeine but still was having trouble. I usually would just pop a tylenol PM, and off I went, but wanted to break that habit and try to find some alternative natural way of relaxing and getting to sleep.<br /><br />A friend gave me a box of Yogi Bedtime tea, and I was skeptical. I knew that it wouldnt have the same effects as taking a pill, but I didnt think it would relax me to the point where I could stop taking the pills all together. I WAS WRONG.<br /><br />This tea of course didnt knock me out, but it for sure relaxed my mind, calmed me down, slowly nestled me into its aromatic comfort and I was in bed asleep quicker than quick! Its consistent, reliable and all natural and that is all I wanted out of this product.<br /><br />AND its delicious by the way, just keep it away from your cats, valarian root has the same effects on kitties as catnip."
233340,B007TJGZ4A,A2P2TACM8IM7Q4,"Reinhard Loeffl ""rloeffl""",2,2,5,1264809600,The Best,"I have tried all the K-Cup coffee's and I always come back to this one, it sounds like a foo-foo drink but the aroma and taste make it a good cup of coffee anytime of day, and the price is right too.  I buy two fifty packs and that comes out to just a little over four cents for a twelve ounce cup of coffee.  Try that at Starbucks."
79809,B001IZM92S,A1X54EY7D8CK08,Y. Xia,0,0,5,1330732800,Can't Stopping Getting More,"I purchased these dried apples as a healthier substitutes for times when I want to eat chips. And these baked-dried apples are awesome!<br /><br />The flavor is quite natural, it's like the real apples that not very sweet, and I even got some quite sour pieces. And the apple pieces are real-cut from apples, you can tell several parts from apple - although already shrink. People who are complaining the flavor should be aware those that tastes good usually has hidden preservatives or sugar added. In the end, a real apple wouldn't taste much better than these dried apples.<br /><br />I have to admit that they tend to be a little bit too crispy some time that biting is not very easy. But it does help me to slow down while eating it - it tastes so good to me that I just can't stopping getting for more! Plus, the 2pack 1 pound is good amount - not to little that you have to order again and again, also not too much that u'll worry about ever finishing it.<br /><br />I'll try dried mangoes and cinnamon apples for next time."
560242,B002UT92EY,A3DDFW29PLWKT,Adrienne,7,7,5,1306368000,All four cats love it,"First off, I want to share the nutrition information that ought to be listed in the product information. These numbers are from the bag.<br /><br />Crude protein: 40% min; Crude fat: 18% min; Crude fiber: 3.5% max; Moisture: 10% max; Calorie content: 391 kcal/cup.<br /><br />We're trying to help all four of our cats lose weight; two of them are significantly overweight and two of them just a little bit. I tried Wellness Core but the none of the cats loved it, and one of them wouldn't touch it. Core does have a better nutrition profile--it's 50% protein which I understand is ideal. The 40% that is in this product is barely better than the Purina One I had been feeding the cats. But the ingredients are much better and the carb/fat ratio is more desirable too.<br /><br />I'd like to have them on a wet/raw diet but one of the cats won't touch anything but dry food. This is the best food I've found for meeting everyone's needs."
165559,B001QE7J2G,A3TJ7A7FO4GM47,John T. Shea,12,13,5,1135123200,Very Impressed,"After a lot of research, i decided to switch my 3-yr old Doberman from Iams to Canidae and have been very impressed with the product. Samson LOVES this stuff too, with the Iams I had to entice him to eat by mixing it with canned food/tablefood, but with the Canidae, he eagerly wolfs it down by itself. And why not? The first 4 ingredients are all meats- human-grade at that! Besides having less ""filler"", Canidae uses no corn products, which is good for dogs with allergies (corn is a common allergen in dogs). Some may balk at the price, but you are going to use less food per day then with the junk brands due to the high quality of indredients in this stuff. Besides, Canidae is considerably cheaper then most of the other top-shelf brands like Eagle Pack or Flint River. I'm just happy to be able to feed my dog a ""super-premium"" grade food knowing how much healthier this is for him, for just a few bucks more per bag then a mid-grade food like Iams or Pro Plan. When you look at it like that, I believe it's one of the best values in pet nutrition on the market today."
88625,B000PMJLJO,A2X674TN3P7AVU,"MS fanatic ""MS fanatic""",0,0,2,1330473600,To much dietary salt.,"I do like how these taste but there is too much dietary salt. I also found that after eating two, I began to get stomach knots."
310094,B008EM51FA,A1O8MKYAW4Y6DQ,Ebone,1,1,2,1341705600,Weak!,"I was drinking another brand of tea which is not sold in any of the stores where I live or on Amazon. I decided to give this brand a try after reading all of the positive reviews.<br /><br />I am very disappointed in this purchase. The tea tastes like sugar water. The ginger flavor is not strong at all. Even the crystals are lighter in comparison to the other product that I was drinking. Luckily, this product was very reasonably priced so I won't feel too bad about tossing the remaining bags if I can't find someone to give them to.<br /><br />I can't fault the seller here. The product was reasonably priced and arrived on time. I would purchase another item from them, but not this one.<br /><br />Just my two cents."
79770,B001IZM92S,A2QG0KKKVFD2AB,"Susan ""Author & Invisible Illness Advocate""",2,2,4,1289001600,I can't describe how much I love these apple chips!,"I don't eat flour or sugar products so my choices are quite limited. Plus, I have many chemical sensitivities. I use an ounce of these chips with frozen fruit I whip into a smoothie-like substance and it's pure nirvana!<br /><br />I know people have complained about a musty smell or flavor. Well, maybe it's because I don't eat much processed food, but these chips are so sweet and fulfilling for a snack-type food and I would definitely have noticed such a smell.<br /><br />The only reason I gave it four instead of five stars is because I do think I have a slight reaction to them (eczema that worsens if I use them too many days in a row).<br /><br />But getting the bulk price has saved me a fortune. They are close to $4 for an ounce in Publix or Whole Foods."
165944,B0009F3SA0,A2NJQC4F30GQ86,I. S. Banks,0,0,5,1333497600,I never believed an herbal tea would put me to sleep...,"...until now! Yogi tea has made a believer out of me! I'm now going to order about 5 different types and try them out, including Passion Perfect Energy, Get Regular, and Stomach Ease."
88636,B000PMJLJO,A2LNSJZCD110HX,THATGUY,0,0,4,1285372800,Best When Direct,"Much happier with this product when purchased through Amazon. Meat appears older, less fresh when bought in the store."
215458,B0014X5O1C,AWIF8AR75LL9L,"Colorgirl ""Spreading color around my world""",2,2,5,1208908800,IZZE made a hit with my entire family with this flavor!,"We have been drinking various forms of flavored carbonated natural drinks for many years. From Knudsens to After the Fall, to Flavored Vitamin Waters without the carbonation, my family has tried all kinds of different flavors and types of carbonated and non-carbonated drinks with no refined sugars added.<br /><br />IZZE Sparkling Clemintine Juice is made of 70% fruit juice with added vitamins such as B6, Beta Carotene, Niacinimide, and vitamin C.  I am not sure what the *natural flavors* added are, as this is often a hiding place for ingredients with some companies that do not want you to know little things they sneak in.<br /><br />Flavorwise, IZZE Sparkling Clemintine Juice is very good.  It is made from concentrate so there is not the fresh flavor that you would get from fresh juice, but I find that this juice only has a tiny bit of bitter edge to it- nothing like most orange flavored juice beverages we have had.<br /><br />What impresses us about this is that it is not overly syrupy like some juices are.  It takes very light, yet filling.<br /><br />Another feature of this drink is that the bubbles are not heavy and the carbonation is not overly strong.  Sometimes drinks have so much carbonation in them that they are annoying.  This one has light to medium carbonation in it.<br /><br />One additional thing I like about this is that the cans are relatively small (8.4oz/248ml).  I have never liked the huge can sizes because I feel that you should only drink small amounts of cooked juice products at a time anyway.<br /><br />There are 24 in the case, which is a good number.  We drank this warm without ice, but chilled it is also delicious.  It tends to go down a bit easier when it is chilled.<br /><br />With ice, it is an even lighter drink and bit more refreshing as the ice dilutes it leaving just a hint of orange flavor.<br /><br />All in all, IZZE Sparkling Clemintine Juice is a hit in our house.  Great flavor, just enough in a can for a snack, and all without added refined sugars or caffeine! My daughter keeps saying- ""Mom, I just LOVE this stuff."""
165899,B0009F3SA0,A2FEC016SACDJ9,"M. Lynch ""nerdgirl""",8,8,4,1236988800,Knocked me out,"I picked up Yogi Bedtime Tea because a) I'm a tea lover and b) I was searching for teas that might make me sleepy. So far, Yogi's Bedtime is the only one that does the job. One mug makes me pretty drowsy and ready to go to sleep. Two mugs make me very loopy and three mugs just put me under. I sleep through the night and wake up feeling slightly groggy; however, the feeling passes quickly and I'm ready to start my morning. If you're having a hard time getting to sleep, or if you know you need to sleep but just aren't ready to settle down yet, this can help.<br /><br />I notice the information for this tea advises you to drink it during the day to calm and relax yourself. I can't imagine doing that. I would pass right out. (Definitely don't drink this before driving anywhere!)<br /><br />The tea is sweetened with Stevia which does leave a taste in the back of your mouth. It is not altogether unpleasant but might irritate some.<br /><br />Also, as another reviewer mentioned, some of the ingredients in this tea can interact with certain medications such as hormonal birth control, so be advised and ask your doctor first."
128181,B00014IVPQ,A23W7PMMD2THRH,Truth teller,3,3,5,1281052800,The best to seal that moisture in your hair!,Everytime I would  moisturize my hair it would be dry less then a hour because  I have really dry hair.  I  search for a sealer to put on my hair to trap the moisture in my hair.I bought this item because of the other reviews and I love it! I can tell the diffrence my hair is not dry after moisturizing my hair when I seal with this. I seen how this worked to seal my moisture in my hair so I decided to use this as a deep conditioner! OMG I will never use anything ealse for a deep conditioner this made my hair so soft moisturized ect.... I dont use this on my face because I have a skin care regimen that I like already but this product is great for your hair.
215446,B0014X5O1C,A3E0CV9614GQJV,"Doc Dave ""world music fan""",3,3,4,1213747200,pop and tart,"In the crowded field of orange soda pop beverages, a relatively new product needs a niche to succeed.  Izze's schtick is 70% fruit juice, no sugar added.<br /><br />In this formulation ""Sparkling Clementine"" is actually a blend of grape, apple, lemon and orange juice concentrates.  I was disappointed to find that it didn't seem to contain clementine or even mandarin orange.<br /><br />The can is very attractively slender shaped and looks good enough to serve to guests out of the can.<br /><br />The taste is tart and fizzy along the lines of european citrus drinks (think Orangina), but with a slightly sweeter finish.  It does grow on you.<br /><br />All in all, a recommendable product, but somebody should probably get some clementine juice in there, or change the name.<br /><br />Disclosure: This review was written for the Amazon Vine Volunteer Review Program.  The product was provided for the purposes of the review."
268365,B0040K41MY,AR1T36GLLAFFX,Scott FS,0,0,5,1339200000,Very good cereal.  I'm eating it as I type this review,"This is a very tasty cereal.  I'm not familiar with Nature's Path cereals, but this is hitting a lot of high marks for me; there is, for example, cane sugar instead of the less desirable high fructose corn syrup.<br /><br />It also has the bonus of not getting too soggy too fast.  I've had the cereal sitting in lactose-free milk for about 10 minutes, and there is (surprisingly) some crunch left in the cereal.  Although I'm not going to run the test too much longer; the cereal is disappearing faster than the crunch disappears.<br /><br />Altogether, a winner!  It's very, very good and it is something I definitely would get again.  I assume because of the careful attention to details on the ingredients, it's going to be in the natural foods department in the supermarket.  I'm going to look for it again.  It's that good and good for you.<br /><br />Solid recommendation for the Nature's Path Crunchy Vanilla Sunrise.  BTW, I threw in a handful of blueberries.  That made it even healthier."
165589,B001QE7J2G,AWLA2SJ05MISS,melissa adams,3,3,5,1296604800,Excellent dog food,"I found this dog food after doing research to help my dogs allergies (2 goldens).<br /><br />My dog had terrible allergies,  she has been on Canidae all life stages for about 5 weeks now.<br /><br />No more itching, scratching, ear infections and vomiting. Their fur is silky & they are so happy & healthy.<br /><br />Use the food cost calculator. your dog eats less of this than many of the garbage filled brands. They also offer coupons on their web site. It really isn't that expensive.<br /><br />If you have cats we have switched ours to the felidae and can also highly recommend it."
540226,B0006SDRRE,A3MY8UWQNRDOZT,"Carole ""Carole""",0,0,4,1305072000,Delicious tea,"This is an amazingly rich, sweet and smooth cup of tea.  I absolutely love it and had to purchase a special little tea pot just for this tea, that is how special the tea is.  The ingredients listed are not detailed, that is one thing I would like to change because it lists natural and artificial flavors and I would like to know what those artificial ingredients are. I am very cautious about artificial products and this has diminished my crazy desire to drink is all the time but a good cup of tea is a good cup of tea and this Market Spice tea is a good cup of tea.  Yum, yum yum, Enjoy!"
540267,B0006SDRRE,A2JYBGRC38CUXU,R. Sullivan,0,0,5,1167091200,You won't be disapointed!,"This is by far the best tea you will ever find if you like a bold, in your face, but not overwhelming taste of cinnamon & oranges instead of just flavored water like other teas.<br /><br />You must be very careful handling the tea bags from the essential oils they use.  I love to smell tea so I placed the tea bag to my nose and took a whiff, then cried for the next 30 minutes as my nose was on fire!!  No amount of water or soap could remove the burning from the oils that were displaced on my nose.  Also don't directly touch it or reach into the bag with acrylic nails.  I ruined a fresh french manicure and learned the hard way - the essential oils leave a green film on your nails that takes days to wear off.<br /><br />Other than that, just try it once and you will be hooked like all the others!  My boss introduced this to me after she came back with it from a trip to Seatle.  I've been ordering it ever since along with all my other co-workers who became a addicted.  It will brighten any day!!!!!!"
501062,B000YVGMZW,A1XTUYMAQ1K1P1,"Mario ""mariomicheli73""",18,21,1,1295395200,"*NOT* made in Italy any more, but in THAILAND (UNFORTUNATELY you CAN taste the difference)","I bought this product three times. The first two times I got the ""made in Italy"" version, and it was among the best canned tuna I had ever had (truly Italian standards - I'm from there and I know what I'm talking about). The last batch I got was the ""made in Thailand"" version (even though at the time the Amazon description still said ""made in Italy"") and it was just above mediocre. Pretty tasteless actually, and NOTHING compared to the Italian version. Same price though, which made me feel I had just been ripped off (and scammed, since the Amazon description had not been changed by then). NO MORE!"
79833,B001IZM92S,A2AQOSE6HOQMD7,Anne S. Harris,0,0,1,1305504000,Dried apples hard and tasteless,"I had been buying dried apples at Trader Joe, and saw that the ones from Amazon cost less, so I signed up for a series of three shipments. I was terribly disappointed with the quality when the first batch arrived. I could eat the TJ apples out of hand, but these were far too hard and dry to be edible without cooking I canceled my next two shipments, and Amazon gave me a refund."
310076,B008EM51FA,A16IMRPEALMMJD,Mathgod,5,5,5,1323820800,Best Cure for an Upset Tummy!,"I discovered this product years ago at a local asian market.  This is a miracle cure for an upset stomach, car sickness, seasickness, etc...My husband uses it when his IBS acts up.  When I go on a cruise, I bring one dose a day and I do not need to get the behind the ear tabs that I had used before.<br /><br />Before I found this, I would have to go get the ginger root, peel, slice, and steep to get a good tea for my stomachache, but this is tons more convenient.  Besides, who wants to do all that work when you are sick.<br /><br />The flavor is very strong so I found that I like it a little more watered down than it recommends but 1 or 2 ""doses"" when I am feeling queasy and it is gone."
88649,B000PMJLJO,A2R9ZTZ3HUY4C3,A. Ketchem,0,0,3,1247184000,Salty,"My husband loves beef jerkey, and he will not eat these.  They are way too salty.  Maybe some people won't mind the salt, but for us, it was too much."
215510,B0014X5O1C,A1QVFHPY8418HC,monkuboy,0,0,5,1210636800,Very refreshing sparklers,"The Clementine (orange) flavor of Izze is my favorite among the three I have tried, the other two being apple and grapefruit. This is a very crisp, refreshing beverage that has just the right balance of fruit to carbonation, and a slight tartness that keeps it from being cloying or flabby. Some reviewers have commented and even complained about this sparkling juice having only the barest amount of carbonation.  Not so with the ones I have tried, so perhaps these other reviewers left the top open and allowed it to go flat or something. Believe me, this had lively carbonation, and a good, natural tasting tart orange flavor.  The size of the can is convenient, too - takes up hardly any space in the fridge or in the lunch sack.<br /><br />As part of the ""Vine"" program, I received and tasted three different flavors but Amazon will not allow me to publish a separate review of each flavor.  So I am combining them all into one.<br /><br />Apple flavor: like biting into a crisp, green apple and savoring the peel and the fruit/meat at the same time. It has nice, clean and refreshing flavors with an excellent balance of carbonation. Normally I am not a fan of apple juice or sparkling cider but this one I liked.  It is not cloying or flabby-tasting as I find most apple beverages to be, probably because this is green and not red apple-flavored.<br /><br />Grapefruit flavor: this was my least favorite of the bunch, but if you prefer a very tart flavor, this fits the bill nicely. Again, a good balance of carbonation, crisp, and refreshing, this had good pink grapefruit taste but I also detected a plastic-tasting element.  The aftertaste was pure grapefruit so I don't know where that plastic came from or where it went, but it did mar an otherwise nice drinking experience.<br /><br />Overall I rate these Izze beverages very high.  They taste good, they are refreshing, and come in convenient-sized cans that easily fit in the fridge or a lunch sack or back pack. Good products!"
79791,B001IZM92S,A3B3HNIC9YPQS7,Stephen T. Snyder,0,0,5,1346457600,Apple Chips,"Bare Fruit apple chips (Fuji apple) are delicious with explosive flavor. The shipping was quick and the chips were intact, without breaking and crumbling. Superior product with dozens of recipe uses. Worth every penny."
215439,B0014X5O1C,A26WD6B5DHAPMU,mook,0,5,1,1285977600,Tastes like Colonoscopy Prep Go-Lightly,Can't get the bad taste out of my mouth!!  I think I'm going to vomit like I did when drinking Go-Lightly for a colonoscopy!  YUK!
215527,B0014X5O1C,ARTST8JB04TBC,Michael Kear,0,0,4,1208995200,Half-Pint Thirst Quencher,"Izze's Clementine sparkling juice beverage is just right! It's the right size at 8.4 ounces. It's the right sweetness - a nice tart drink that doesn't make you feel like you've just drank a can of syrup on a hot summer day. The carbonation is just right, not too much. Above all, it's a great thirst quencher! You might think that a half-pint wouldn't be enough to satisfy your thirst, but it does - and without filling you up like soda pop can do. The only reason I didn't give this drink 5 stars is because it does have a lot of sugar in it. This helps boost your energy, but it isn't good for those watching their weight. A ""diet"" version would easily garner the full five stars."
268251,B0040K41MY,A3EP6YVAYS9YM3,Book Worm,1,2,4,1339372800,Good Option For Gluten Free Cereal,"I really enjoy this cereal.  There are a variety of grains in it, like quinoa, buckwheat and amaranth.  The texture of the cereal is also varied, there are puffs and flakes.  I think it is the amaranth that gives this cereal a nutty taste.  It's not overly sweetened and has just a hint of vanilla, which I like.  I'd recommend this to anyone who is looking for a gluten free cereal."
540254,B0006SDRRE,A3G8VP5YZ4NNX8,S. wood,0,0,5,1200614400,good tea,"this tea is the best tea i have ever tasted. as a rule,iam a coffee drinker, how ever, now every evening when i get home from work, the first thing i do is put on the water to heat, take off my shoes and sit down with a cup of this tea. i would recommend trying this tea to everyone,"
540259,B0006SDRRE,A2Y06A4K79KIO2,Young Joo,0,0,5,1175817600,MarketSpice Teabags - too good to pass,best tea i've ever had...took close to 2 weeks to get shipped but definitely worth the wait!
79773,B001IZM92S,AC3SAQI3GV44F,Gary Greek,4,5,1,1326931200,Apples tear though packaging,"The apple chips are sent in a silver package, not clear.  The flavor was okay but was afraid they were contaminated.  We received the bags with at least 4 different 1/4"" size tears in them.  It had small pokes all over the bags from the apple corners poking through.  If the package is open at all there is a chance of getting stale and contaminated.  I like the bag that the apple chips come in ""Bare Fruit Cinnamon Apple Chips"", the apple chips do not poke through packaging.  I stopped my monthly order of the Bare Fruit 100% Organic Bake-Dried Apples, Fuji, 1 Pound Bags (Pack of 2) due to the packaging. Who wants to eat anything torn open..."
268279,B0040K41MY,ALBW2ZBS6Z2AY,ireadabookaday,0,3,5,1337817600,TASTES GREAT WITH ALMOND MILK,"I have no problems with gluten or lactose,  this combo just tastes great.<br />This cereal is healthy,  with great taste and texture. What more could you ask of a cereal?<br />You want organic? It's that too!"
310129,B008EM51FA,A2R3KK6HHWBR5U,Katrina,0,0,4,1294704000,Refreshing Drink,"My husband absolutely loves these and I was thrilled to find them on Amazon for such a great price. However, the product pictured is a bag, but mine arrived in 3 boxes of 10 packets each.  Not a bad thing, just different from what is pictured/described. I deducted one star though, because I'd prefer if one packet made more."
215445,B0014X5O1C,A2RN2AO4BE6F4K,"Scott Bright ""scottypotty""",4,4,5,1210550400,The Entire Family Loves Izze,"My daughter gets Izze when we stop at Starbucks but I never tried one myself. Izze is an all natural soda. I tried it and was surprised how much I liked it. It's not as sweet as diet soda and I like that. Based on the ingredients I don't feel bad letting the kids have it now and then. I'll also be getting them again myself. The size of the can makes them very nice for packing in lunches and in coolers.<br /><br />We got a case of Clementine Izze and the family helped me drink them. They wanted to help with the review as well.<br /><br />Mom: As good as Izze tastes, what I like even more is the ingredient list. I've stopped drinking diet soda because I won't drink aspartame, and sucralose (Splenda) makes me ill. Izze is sweetened by natural fruit juices (70%) and not refined sugar, corn syrup, etc. The rest of the ingredients are sparkling water and vitamins. I feel good giving this drink to my 11-year-old daughter for a treat, and she loves it. We've tried all the flavors and like each one, but Clementine is the family favorite.<br /><br />Daughter: Izzie is a great thirst quencher. And not only that, but it's healthy, too! I love anything fruity of fizzy and Izzie was the perfect fit."
501120,B000YVGMZW,A1B0V02KIOS8CE,"Roger S ""SRT10""",2,8,2,1264982400,Good but....,We have ordered this product three times before anf it was top notch.  This order is 10 times too salty and I can't eat it.
310117,B008EM51FA,A2TP4RZ4HQELHK,sgme,0,0,5,1328572800,Perfect for when you have the flu,I love this spicy ginger drink & find it incredibly soothing when I'm sick so I keep it on hand for just such an occasion (and push it at others when they're not feeling well either!) I like to add a little lemon and honey. The ginger instantly numbs a painful throat and soothes the whole system giving you an immediate feeling a wellness. Love this stuff.
501099,B000YVGMZW,A35ZH7W1W2FWNZ,"J. Gates ""Jackson""",1,1,5,1277856000,Genova Tonno is a good Buy,"There was actually more usable chunk tuna in one 3 oz. Tin of Genova than a 6oz Tin of Star Kist tuna, which was shredded and shrank down to about 1/3rd weight after draining the water. With the 6oz. can of ""XXX"" I only had enough to make ½ sandwich but the mayo and onions tasted good.<br />I made a tuna salad sandwich with Genova, green onions and celery with mayo on an onion bun. You will not need to add salt. I just drained the oil from the can and mixed it with the ingredients.<br />I intend to use this with a green salad mix or even pasta.<br /><br />Although I do like salt, next time I may try rinsing the tuna in a colander but not pressing it. With some of the shredded stuff you may just end up with a spoon-full.<br />For quick meals, I used to like Hot-Dogs but not any more. The taste of this yellow-fin tuna is quite good, actually much better than I had expected. Some of the tuna you get from the local grocery store may look like cat food when you open it up. This definitely does not.<br />I will buy it again because you can't beat the Amazon price with Free Shipping."
310131,B008EM51FA,A14OOQFU9BS924,GHC Lover,0,0,5,1293408000,GHC Lover,I continue 2 purchase the Ginger honey crystal tea. It's the best!!!! I luv it hot or cold.<br />It's very soothing and the price is EXCELLENT!
233398,B007TJGZ4A,ASPE385LW3WQB,"Barbara Werblin ""babsww523""",0,0,5,1340409600,yum,I enjoy drinking my hazelnut coffee every morning; it wakes me up and tastes delicious. How can you beat that for a way to start the day?
128178,B00014IVPQ,A1AY8BZB1ADAYZ,DJ,3,3,5,1298851200,Speechless,"This stuff is wonderful to help treat ezcema. Both my sons (6 and 7) have the condition and we have been using steroid cream for several months. Based on all the reviews, thank you past reviewers, I found something that works. I use oil on them as needed and in the words of my children ""We're not itchy anymore!"""
549901,B004779XNW,A1YBN8NAJMU2DD,sherri,0,0,5,1347494400,such good coffee - we're spoiled!,Green Mountain Dark Magic K-cups have spoiled us for ANY drip or french press out there! Even using my own ground coffee in the filters I bought don't come up to Dark Magic! Just wish I had ordered a larger supply!! Automatic delivery is great also - less expensive and right on time.
233231,B007TJGZ4A,A3HKA1N18OH53J,"Don, Richmond, KY",0,0,5,1291680000,"Smooth, Rich, non-acidy flavor","I love hazlenut coffee.  I have tried several brand of Kcups over the first year of having a Keurig.  Gloria Jean's Hazelnut is rich in flavor without the acidy after taste of many others that often upsets your stomach if you enjoy coffee often.  I start out the day with no less than 4 cups and I never get tired of Gloria Jean's.  You simply ""must"" use the ""frustration free"" packaging, thank's Amazon!"
442309,B0030HSFW0,AK9XT2FNUNM8G,breznick70,1,1,4,1330041600,Great Product!,First time making sausages and this works great!  They were super durable and tasted good.  I just wish there were directions on how to use them for first time users because I messed up my first strip of casings.
442282,B0030HSFW0,A3CIS6JRAISYF9,"Peter G. Buckley ""petermenlo""",4,4,4,1310688000,Good quAlity,"For those of us who don't have a butcher's shop to sell us casings just round the corner we have to buy them on-line.  These have proven very reliable, high quality natural casings.  They are not tough and become workable quickly"
540235,B0006SDRRE,A2Y5QSBL4QG6MW,L. Lawton,0,0,5,1258588800,delicious,Great taste. This tea is sweet but there is no real or artificial sugar in it. Tastes good as ice tea too
268341,B0040K41MY,A28S3F43F76HSH,"D. Sorel ""book lovah""",0,0,4,1340150400,Healthy and Yummy!,"I enjoy eating healthy but I am by no means a ""health-nut"". Recently, I had a friend visit who is glueten free and I tried very hard to find a cereal that we could both eat as I find it wasteful to buy two completely different cereals. I found this one and thought I would give it a shot because it has a lot of the ingredients that I love. It was great! The taste was sweet with a hint of vanilla without being too powerful. I loved the crunch and it kept me full for awhile. I had my friend try it when she came to visit and she loved it! She even said that she wants to get some for herself when she gets home.<br /><br />As you might have noticed, I have rated the cereal with four stars. While everything I have stated is true, I really like it, there is a bit of an after-taste that isn't exactly enjoyable. Of course, I can get past this and my friend did as well. Still, for the amount that they are charging, I expected it to be flawless."
501117,B000YVGMZW,A28HWQUZIHG50R,amazon_converted,0,0,5,1281571200,My work lunch,"Love this stuff. Add some cannelli beans, lemon juice, salt and better. Put over salad or on bread. Very healthy quick meal."
128166,B00014IVPQ,ACFTSLM65892C,sherry bomb,6,15,3,1301097600,"LOVE THE COCONUT OIL, HATE THE GLASS CONTAINER!","When it arrived, the glass container was broken. I had to get the coconut oil in another container. So some of the coconut oil were wasted since I didn't want to risk my luck getting hurt with glass in some coconut oil. I love the oil though. It smelled great! It penetrated in my hair well & it made it softer. I have natural 4a hair."
165567,B001QE7J2G,A235XFQ4XRFBTW,Carolyn Hayes,6,6,5,1191542400,Why mess with success?,"My 20-month-old Toy Fox Terrier mix has been eating Canidae since I adopted her and changed her over from Science Diet, so I don't have an amazing transformation story.<br /><br />However,<br />1. She's only been sick twice to speak of. No unexpected need to go outside NOW or accidents in the house because of illness. What comes out of her is as predictable as the sunrise, albeit somewhat less pleasant overall.<br /><br />2. This 12-pound, high-energy dog eats just under 1 cup a day. A 40-pound bag lasts me about 6 MONTHS, which calculates as less than $7/month for food. Canidae may cost more than better-known brands, but it's a bargain for the improved nutrition and related benefits (see 1 and 3).<br /><br />3. It never occurred to me that it could be because of her food, but it's true she has basically no smell, as others have mentioned. She's in every way glossy, happy, clean, and puppy-like."
268254,B0040K41MY,A38VQ2TIPPBKNN,"Sir Charles Panther ""Life is hard.  It's hard...",1,2,4,1337990400,Crunchy and Vanilla-y,"The name: ""Crunchy Vanilla Sunrise"" evokes a lot.  The first word sets the tone, and unfortunately I tend to relate ""crunchy"" first with hippies, Earth shoes, organic detergent, underground homes, crystal-based religions, and a general flakiness.  Now one could argue that ""flaky"" and ""cereal"" is a good mental association, but I doubt the copywriters and marketers were thinking in this vein.  I think they were after the more visceral, literal, ""Hey, Velma, by the great white beard of Odin, this here cereal is mighty crunchy!  I can hardly hear myself think!"" outcome.  ""Vanilla,"" on the other hand, is what got me to order this product.  I love vanilla, and had to try this out.  ""Vanilla"" had me thinking ""deep, dusky flavor,"" as opposed to ""dull,"" which the box's back panel tackles unflinchingly.  And then you get ""sunrise.""  Well, the mental association intent is evident here; it's all about setting a deep and contented feeling centered directly on the product, about the peace of morning and the promise of a new day, clear skies, golden light (see the box photo), bunnies, puppies, galactic serenity, etc.<br /><br />The package: the box I got is different than the official one shown here.  I prefer the box I got over the one shown--the front panel is oriented more to the customer, instead of oriented on the manufacturer.  If you're set on Nature's Path, then you'll find this product anyway; the company logo and name don't need to dominate the front of the box.  As for the back panel, I dunno.  What does ""the sweet breeze of a Mexican sunset"" have to do with breakfast cereal?  Is this a travel cereal?  And what exactly is a travel cereal, and how do I get it through customs?  And what of the photos of a rain forest, a beach resort, a Mexican air mail stamp, and a sun-worshiping woman sitting in the dirt?  Is this cereal best enjoyed in Mexico, in the dirt?  That, and there's bold language about the ""unique nutritional profiles of ancient grains . . .,"" although there is no further specification on what those profiles are, and why they are so totally extremely good for you.<br /><br />I do note that the front of the box, the top and one side panel call this product ""Crunchy Vanilla Sunrise,"" while the back-panel copy calls it ""Vanilla Sunrise Crunch.""  Which one is it?  I prefer the latter, actually.<br /><br />The flavor dry out of the box isn't bad, and it would be an okay bagged snack for a hike or for a school lunch.  It was better in milk, in my case the standard 2%.  The very first thing I noticed is that this cereal separates in milk.  Now me, I like a lot of milk, as I like that all-important crunchiness toned down a bit, and I like to drink the cereal-flavored milk when I'm done.  If you're a sparse cereal-milker, then this won't be a problem for you.  With more milk the <a href=""http://www.amazon.com/gp/product/B005GCSKKE"">Kix</a>- and <a href=""http://www.amazon.com/gp/product/B004078WRW"">Krispies</a>-like bits float, while the <a href=""http://www.amazon.com/gp/product/B003ZXCFQ6"">flakes</a> sink.  You've got to actively stir and dredge the bottom of the bowl to get your fully mixed cereal bounty promised in the box photo.<br /><br />And the taste: I thought it was great.  Very nice taste, with just the right amount of vanilla coming through.  Dry or in milk, it is slightly sweet to begin with.  I added a little bit of <a href=""http://www.amazon.com/gp/product/B000FMMTHU"">Equal</a> to sweeten it up a bit more.  The texture is a little screwy, with the crispies and flakes and puffs all mixing together, but once you start masticating, it's no longer an issue.<br /><br />Nutrition: I've provided a photo of the panel, so you sort it all out.  The one thing that I notice is that there are more than 100 calories in a single, tiny serving, and that's before you even add the milk.  No wonder it tastes sweet.  And it's officially and certifiably organic, etc.<br /><br />Bottom line: Sure, I'd eat this cereal again.  It's apparently good for me, which is a plus, and it tastes great.  But at more than $5 per box, and a small box at that, it's awfully spendy."
79769,B001IZM92S,A1959PYIFLBTLX,"M. Higgs ""PhotoGeek""",2,2,4,1302998400,"Great value, nice apple chips","These are a great deal & I enjoy snacking on them.  They are a little tart for my taste, but are really good.  I knew they would be tart, since they are Fuji....but decided to try them anyway.  I do plan to buy them again."
540231,B0006SDRRE,A18FHQ0BEDJAUU,Orca Jane,0,0,5,1281916800,Best tea ever,"Since discovering this tea, my sister Terri brought back some from a trip to Seattle, I have yet to find a tea I like as much as this one. Highly recommend it to anyone who likes a spicy orangey tea, lots of flavor."
549879,B004779XNW,A18XPD5BM4U6B1,"The SARGE! ""MSG, USA, (Ret.)""",0,0,5,1350604800,AWESOME COFFEE!,"We ran out of K-cups and I absolutely cannot begin my day without my coffee-jolt.  (WAY better than Red Bull, etc.)  Green Mountain Coffee is our preferred brand/flavor, so I decided to scan through Amazon.com to see if they carried it.  A 50-count box of Green Mountain Coffee, Dark Magic, (Extra Bold), was available at a crazy-low price, so I ordered it.  Not only did it arrive in perfect shape, before the promised delivery date, but there was 51 K-cups in the box!  A bonus!  Great coffee and great service at a great price!"
165608,B001QE7J2G,A23C2OZ0H4UU,"Edmund ""Humble Artist Currently Unknown as Ed...",1,1,4,1326326400,The best for the money........,"I had done quite a bit of research before I chose a dog food for my dogs and this seems to be the best for the money for what I needed. I needed something that would benefit different age stages nutritionally, in bulk, for the best price. This is what I based my research on and came up with this dog food. One of my dogs, full grown and used to eating different brands of junk before I knew what I was feeding him, was not too fond of it at first but got used to it and now he eats it without any issue. My puppy loves it and will overstuff herself if I do not ration for meal times. It gives me peace of mind that they both are getting what they need and I am not going broke giving it to them. My only complaint is the horrid flatulence this dog food seems to give them. I have never experienced that with my adult dog in the 4 years he's been with me but then again he has always eaten the store brands of dog food so maybe that's the issue? Overall, I am satisfied and can live with the occasional unpleasantness for a few seconds if it means they are eating healthy. There is also a NOTICEABLE difference in their coats and health. So that's another plus. I couldn't in good conscience give it five just because the flatulence really is 'room clearing'.......S'pose that could have it's uses for unwanted guests on the bright side."
310128,B008EM51FA,A2SMFT5TU2TBFJ,charl Sirovatka,0,0,5,1298678400,honey ginger tea,"this tea, is not just like any other tea, and its pretty hard to find too...<br />best ginger tea ever, is good for detox and stomachaches . got it pretty fast too, and was as described. thanks."
540275,B0006SDRRE,AQP2R258D1K2W,Joesbrook,5,8,3,1138060800,Great product - slow  and expensive shipping,"I am from Seattle so I know how good this tea is. There's nothing quite like it and I would recommend it if you like a tea with a kick to it. I was pleased to find it here on Amazon.com  My only complaints are that the shipping was a bit expensive ($6 for a $10 item!) and I had expected that with the higher shipping cost that it would arrive sooner - it didn't. It took me 10 business days to get it over on the east coast. It was packed fine, but nothing special. Overall I am more satisfied than dis-satisfied but if I order it again from them directly I will keep in mind the high shipping cost and the time it takes to get here."
310078,B008EM51FA,A2NYJV50NHOMFZ,Dumpling,4,4,5,1323907200,delicious and practical,"If you're into hot, spicy gingery tastes, you'll like this drink. It's intense, also because of the honey. I find it delicious, and I know some people who dilute it (using half a package per cup) to make it milder. Either way, it's yummy and satisfying. Very soothing on a winter day, and also if you have a cold or are suffering from nausea or stomach upset. It's also versatile. I dissolve a package into plain oatmeal--what an easy way to add unique flavor. I like that it's instant, and also that I can take along the sachets to work or on a trip. Highly recommend this!"
165929,B0009F3SA0,A3OFNIKIEUSAIE,"Matthew Bailey ""m bailey""",1,1,5,1243728000,"great tea, great price","much cheaper if you buy it in the six pack, helps me rest before bed time, i use it almost every nite"
215469,B0014X5O1C,A2W0XCWOK3MW6F,"Karen Woodworth Roman ""Happy Librarian""",1,1,5,1209081600,Yum!,"IZZE All Natural Sparkling Juice, Clementine is tasty. It has 80 calories and 20 carbs in a cute 8.4 oz (248 mL) can with a stylized Clementine on the front. It is not too sweet and contains no added sugar. The main ingredients in order are grape, apple, lemon, then orange juice. It is 70% juice and also has sparkling water. If the calorie/carb content is a little high for you, I think this would mix great with sparkling water. IZZE donates to Global Education Fund. It is a refreshing treat with 10% of the RCA for Vitamin C, B6, and Niacin."
88631,B000PMJLJO,A30QZI1339WUVZ,jdflana,0,0,1,1299369600,Poor copy,"This jerky is; tough, fat, has gristle, and does not taste like teriyaki. They do not even try to make it with the right flavorings. If you like teriyaki get another product."
88604,B000PMJLJO,A38QF0U6C4GRM8,S. Pericciuoli,2,2,4,1188259200,only kind,"this is the only kind of peppered beef steak i buy.it's always very fresh.and taste better than the other brands,if you like jerky i would recomend this product."
165958,B0009F3SA0,A2TMZXPWEQI347,pumpkinspice,0,0,4,1288137600,Try this when you need to relax.,"I was having trouble winding down at night, so I shopped around and found this Yogi Bedtime tea. I loved it right off the bat because it smelled so wonderful. I was surprised by the licorice flavor because it wasn't overpowering at all. It was ever so mild in the back of my throat. Overall, the flavor was delicate and smooth. Although this didn't help me fall asleep, it was still a good tea that helped me relax and calm down after a long day."
215500,B0014X5O1C,A2SUAHACW7MOY2,D. K. Collis,0,0,5,1245196800,refreshing sparkling juice Izze's,"My family really enjoys these HFCS, Sugar FREE sodas.  Clemintine is the favorite flavor for 3 of us; my college bound daugherter likes Grapefruit the best."
165932,B0009F3SA0,A2B195J4RHUUZX,French,5,7,1,1291248000,Hate this tea,This tea tastes terrible. I was very disappointed. I would not recommend it to anyone. I am a tea drinker and always love the natural flavor of the tea and the soothing feeling you get after you drink it. This tea tastes more or less like over the counter cold medicine.
310098,B008EM51FA,A3QO4E0N8LNDC9,mommyhazzard,1,1,5,1310601600,Great for seasonal allergies and cramps,"My colleague had me try this ginger crystal a month ago when I had cramps. After drinking it hot, my cramps went away during the rest of my cycle and did not need medication. Recently my allergies flared up bad and again it relieved some of my symptoms."
501114,B000YVGMZW,A1FC4XV54LQDIZ,"Felix ""The Cat's Meow""",0,0,5,1289692800,Words fail me,"This product is not only so good, but also comes at such a good price, that I am left speechless. Suffice it to say your search ends here: this is the ultimate canned tuna, period."
152356,B000LKZD4W,AXQIHSF9KK7CO,Dody,1,1,5,1213142400,Vegetarian Staple,"This product is a must have because it is a way for vegetarians to be able to have protein while on the go, and also for anyone whose physician has recommended additional protein intake, especially throughout the day.  The convenience is great and the flavor of this product is super.  I really enjoy it."
501113,B000YVGMZW,A2DHG1HP5MCGMI,Jennie Kirkpatrick,0,0,5,1292803200,Very mild tuna fish in olive oil...,This is a very mild delicious tuna that is packed in olive oil. It is much tastier than water packed or soy bean oil packed tuna. Nice quality tuna in each and every can. With very little mayo you can make a moist tuna salad or eat it straight out of the can. These are smaller cans than the standard grocery store size. Because olive oil is used it is a great to topping for a salad without the added use of dressing.Very good tuna that I would highly recommend!
501090,B000YVGMZW,A2F9HKJ1KK84AL,M. Murray,1,1,2,1339286400,Big Change in Quality,This used to be hands down the best canned tuna in the world. Recent shipment show it to be now a product of Thailand<br />and the processing is completely different ie using very little olive oil and a lot of water. Disappointing to say the<br />least!!!
165928,B0009F3SA0,ACO8ZMVTYS9N6,Monica M. Dewart,1,1,5,1260662400,My Favorite Sleep-time Tea,This is my favorite sleep-time tea.  Works better than any other sleep-tea product.  Tastes great!
152379,B000LKZD4W,A2CH3AVJI0UR3P,C. Morris,0,0,5,1330128000,Makes me a happy vegetarian!,"Hickory Smoked Primal Jerky is awesome! Jerky is one of the few things I have really missed since becoming a vegetarian, this stuff is a fantastic replacement though. The flavor is great, not exactly the same as meat but still sweet and tangy like hickory smoked jerky should be. The texture is also excellent; not quite as tough as the real thing but close. Its fairly healthy too so I keep a few in my backpack as a quick awesome snack."
88603,B000PMJLJO,A1WNGKUT3O644D,"Bonnie S. Seybert ""Bonnie""",2,2,5,1208563200,These are great!!!,"I love Jack Links Beef Steaks. These have a wonderful flavor with just the right blend of spices and hickory flavoring. I have trouble eating just one. It makes a great snack anytime. Before letting my grandkids know I have some, I make sure I hide a few first. Kids love them too."
501106,B000YVGMZW,AF0D4RTJGADDC,pandawar,3,4,2,1297296000,Con Job,"Last year I purchased a case of this tuna at a similar price.  I was foolish enough, when the offer appeared again that I did not notice the differences.  Last years offer was for 24 5 ounce cans.  This year it was for 3 ounce cans.<br />Effectively it is cheaper for me to buy this tuna at my local supermarket than to buy it through you<br />My mistake"
540240,B0006SDRRE,AQOZZVUJXIKIR,"April V. Walker ""That Geek Girl""",0,0,5,1241222400,Best tea EVAR,"Ok, maybe its just me but I LOVE this tea! Its got a great spicy taste, and makes great hot or cold tea.  If you like a tea with a ""kick"" this is one to pick up!"
310077,B008EM51FA,ASJO2MC2TSCEW,Punky Munky,4,4,3,1345334400,Good but too much sugar,"The first time I drank this tea I almost gagged. I'd prepared it according to the directions but it was too spicy. I then had the good sense to add more water and a chamomile tea sachet to break down the spicyness...and it was wonderful. I then discovered that eating the ginger crystals by themselves was quite pleasant as well. I know it sounds weird, but the crystals are tasty, probably because they're so sweet...which leads me to my next point. Although sugar TASTES good, im not a fan of consuming too much of it. It's 17 grams per packet, which I think is too high for a cup of tea. It makes my teeth feel all gritty afterwards (no bueno). If they made a sugar free version I'd be sold :)"
215512,B0014X5O1C,A18YMFFJW974QS,CKE,0,0,5,1210464000,"Nice, light, and full of flavor","My wife and I have been very pleased with both the clementine and pomegranate flavors of he Izze sparkling soda. The drinks are refreshing, but with a natural flavor - unlike many of the sports drinks.<br /><br />Other tidbits of information-<br /><br />- Each can has 80 calories- which is very similar to a can of soda of the same size.<br /><br />- While the ""clementine"" and the ""pomegranate"" flavors only contain real fruit juice- it may not be the juices you have in mind. Both are sweetened by a combination of grape and apple juices. The grape and pomegranate juice comes a little further down on the list.<br /><br />- While each drink contains vitamins - I wouldn't count on them as being a significant source of anything.<br /><br />Final score- we really enjoy the taste and serving size. In fact, Izze makes a great ice cold drink for a warm summer day!"
268346,B0040K41MY,A2KMY4RVMJ1EP6,faeriemyst,0,0,5,1340150400,(4.5 stars) Lifts my mood like the morning sunrise,"Every Nature's Path product I've had has been great and their Organic Crunchy Vanilla Sunrise cereal is no exception. Featuring about four different shapes and textures into on cereal make for an interesting dining experience, and quite a tasty one at that. With a light vanilla flavor, it's sweeter than I was expecting, this is more for the consumer with a sweet tooth of which I am on occasion, but it isn't so sweet that you'd want to sprint to the nearest dentist after eating. This would be a great cereal for kids as a replacement for the unhealthier cereals marketed for children out there, the only downside is the box screams healthy and not ""Kids, eat me!"" All organic and natural, the ingredient list a dream; I love when I know what everything actually is. Nature's Path is a product of the USA and the box is made from 100% recycled paperboard, which makes this recycler happy.<br /><br />Here's a glance at the more important nutritional facts:<br /><br />Serving size: 2/3 cup (Seems a bit measly but fairly normal in comparison to most other cereals, which are usually 3/4 cup, but it's about the amount I generally have for breakfast anyway.)<br />Calories: 110 with just the cereal, only 10 from fat.<br />Total fat: 1 gram, no evil fats like saturated or trans, but no polyunsaturated or monounsaturated, which are good for you, either.<br />Cholesterol: Zilch<br />Sodium: 130 mg<br />Total Carbohydrates: 25 grams<br />Dietary Fiber (included in Total Carbs): 3 grams (Could be better but better than a lot of cereals.)<br />Sugars (included in Total Carbs): 7 grams (Not bad, not bad at all. Ideally, one shouldn't have more than 6 g for breakfast, but what's one gram? ;P)<br />Protein: 2 grams<br />The cereal is also gluten-free and contains 11% (.15 grams) of omega 3 fatty acids per serving.<br />No real added vitamins to speak of.<br /><br />So, would I buy this again? Heck yeah. The blend of flavors, from the vanilla to the added sweetness to the flakes to the Kix-like spheres, it's one of my new faves. Topped with slices of banana, it lifts my mood like the morning sunrise. :D"
215462,B0014X5O1C,A3KV4RQE2FVIZ0,"dnk ""dnkboston""",1,1,4,1210982400,"Good size, not too sweet","I received a case of these, and my family finished this in less than two weeks.  Maybe not the quickest turnaround with a soft drink, but the biggest complaint I received (from my 8-year-old) was that it wasn't sweet enough.  Considering the kinds of soft drinks she usually likes- and only rarely gets- I'm pleased.<br /><br />I found this to be just sweet enough- no added sugar, only the juices- and just the right size.  This felt like an appropriate serving of a sweet/non-water beverage- the usual sizes usually feel like two servings.  And, while I'm not sure that this was intentional, when my children knocked over the cans (this happened twice), nothing spilled out even though they were more than half-way full each time.  Bonus- if you're klutzy.<br /><br />I knocked off a star because of the slight mis-marketing- clementine juice is not the first juice on the list of ingredients, and that irritated me a little bit.  Otherwise, this would be something I would reach for on the rare occasion I wanted a carbonated beverage."
310086,B008EM51FA,A1WPU3GR3SD378,P. Smith,2,2,5,1335312000,Great multipurpose product,"Bought this for sea travel to relieve nausea, but found it works great for sore throat and cold symptoms.  Easy to use, tastes good, and I like the fact that you can drink it hot or cold."
152388,B000LKZD4W,A177LV2Y3TEPM3,Anonymous,0,0,2,1304899200,"Good texture, bad taste","I'm not a vegetarian, but I have trouble finding decent jerky and decided to try the Texas BBQ flavor. I did like the fact that it has a meaty texture, but not a hard leather texture that I tend to avoid in jerky. It was hard enough so that I had to floss my teeth to avoid irritation to my gums, but that's true with all meat. Besides texture, it also tasted like meat. However, it also tasted like someone was trying to make a BBQ flavored candy bar. Way too sweet, and just an overall bad taste. My dog goes nuts for them though, so they're not completely wasted."
442276,B0030HSFW0,A3IZG7UNC3E6FY,Ni Yachen,6,6,5,1318204800,Made 25 lbs of Moose Saussage,"I am a first time sausage maker and I bought these casings.  They worked great.  They were easy to clean.  There were nine casings lengths in a package.  They were roughly the same length.  The bag said it would make 25 lbs of sausages and we made 25 lbs with no left over meat or casings even though we were not very consistent with our thicknesses.<br /><br />We followed the directions and soaked them for 30 minutes and rinsed them twice.  The casings were flexible but strong.  We ripped the casings only three times when stuffing, but each time I wasn't paying attention at the time.  Like I said first time sausage maker.  The casings smoked and bloomed nicely.  They worked great and were the cheapest I could find.  I would use them again and I am trying to find a local supplier."
128232,B00014IVPQ,A1RNUJFMFCKU06,TGirl2003,0,0,5,1327190400,First time user!,"Great tasting. It isn't overwhelming. I have used it on my hands, and after a couple minutes it is absorbed and doesn't leave me feeling greasy. I will be ordering more as soon as I can. I don't think the 16 oz jar is going to last long.<br /><br />The math is wrong the 16 oz jar isn't 26 cents an ounce more like 55 cents an ounce. I wasn't buying it based on price, I was bought it based on reviews. This had the best reviews and I now know why. I am glad that it came in a glass jar, after talking to my friends, the plastic containers will alter the taste of the oil. So for a pure tasting coconut oil, I wanted to make sure the one I got came in a glass container."
268344,B0040K41MY,A2PN65B6BSTIYZ,B. A. Chaney,0,0,3,1340150400,Light Cereal with a Weird Sweet Taste,"I was excited to try Crunchy Vanilla Sunrise because I'm always looking for nutritious breakfast cereal options.  However, this one was a disappointment.  The cereal isn't very filling, despite it's mix of whole grains.  It also has a really strange overly sweet taste.  The taste is very much like an artificial sweetness, which I didn't enjoy, and I felt like it was still there after I added milk."
88666,B000PMJLJO,ASYCBKR9CD6KT,alstream,0,0,4,1213833600,Moist and just the right size,"Great tasting jerky. Nice, thick, moist texture tears and chews easily. 1 oz size is a perfect hight protein, low fat snack. Sodium content isnt too outrageous either."
540257,B0006SDRRE,A1YFHXGG7DCIVP,Adam Zmija,0,0,5,1184371200,Great item!!,Love this tea!  I mix it regular tea in a brewer.  Love it!!
233252,B007TJGZ4A,A1AAJY9WDVNEEM,"Michael J. Long ""joebird""",0,0,2,1285113600,cover me please,There is nothing wrong with the quality of this coffee. The trouble was we received a dozen or so k cups with no lids. There were coffee grounds in the bottom of the case but absolutely no lids. This made a good bargain into a not so good one. I reviewed the packaging mishaps on Amazon but have not gotten any responses!
128180,B00014IVPQ,AD4IYSZSSN06F,Dewey rose,3,3,5,1282867200,Love It!!!!!,I absolutely love this product.  I bought it because I just went natural and I have to say that this oil is the best.  It makes my hair so soft and moisturized!  I have started cooking with it and using it as a body moisturizer as well. My skin has never felt better!
442271,B0030HSFW0,A1Q7SXG0FXT7MZ,Alexandr Sharipoff,10,10,5,1305936000,great casings,"I just finished stuffing these casings and they are awesome. I thought that it was one long piece, instead it's a bunch of them. Convenient for me as I am a first time user of this product. just rinse off the salt then run water thru casing and your ready to use. Perfect if you want to make a small batch or two. About 2-3 feet long each. I will buy more."
128173,B00014IVPQ,A3VD0U3G435JKK,Anna Hemmingway,5,5,5,1282608000,Wonderful For Hair,"I am very pleased with this product. The shipping was super fast and the glass bottle was sealed and in perfect condition. Of course with the awful heat wave we're still in, the oil had liquified but I put some on my hair immediately. My hair was incredibly soft for the next THREE days!!! I will continue to purchase from this seller one, because there's not a Whole Foods for miles where I live and two, I'm so satisfied with their business."
152314,B000LKZD4W,A1H703P9ALYVM6,Lisa97225,0,5,1,1310515200,Slimy and disgusting,"Bought this REALLY hoping to like it, as Stonewall's Jerquee is so expensive, but this stuff is repulsive.  For one thing, isn't jerky, by definition, supposed to be dry?  This stuff comes covered in a greasy, slimy coating.  After trying hard to get passed that, on to the actual jerky...it's not chewy, like jerky is supposed to be, it is too easy to bite off a piece.  And the flavor is beyond description, in a bad way.  I've tried almost all of the flavors now, and would never buy ANY of them again.  They have a weird perfumey taste.  So, they're slimy and taste awful.  That about sums it up."
88606,B000PMJLJO,A389YYIMGEJJ30,Mike Clifford,1,1,1,1329696000,moldy all the time,"When I bought this item the first time, I was happy then I ""subscribed and saved"". What a waste! Once they have their hooks in you, they give you the bottom of the barrel. I even gave them a second try the next month and they were all moldy AGAIN. Terrible company. ""Subscribe and save"" users should form a class action lawsuit like done against Netflix when they gave new subscribers the latest movies, leaving the old B movies to the long term customers. Shame on Jack Links. Pathetic."
549756,B004779XNW,A3U3DPET4N3EAX,ponch910,0,0,5,1312156800,Great for ice coffee,"During the summer I like to add lots of ice to my coffee and make it cold. However adding lots of ice will tend to dilute the coffee and make it bland. This dark Roast coffee is strong and makes perfect ice coffee. The flavor is also excellent, one of my favorites."
79802,B001IZM92S,A3CN9BTIPWTC8A,rose,0,0,5,1338854400,Buy these Apples!!!!!!!!!!!!!!!!,You must try these Apples! I fell in love with the apples after I bought a bag of them at Lego Land. Once I got home I looked on the internet to see where I could get more. Some are sweet and chewy others are full of flavor and crunchy! I'm addicted!!!!! I'm signing up for the automatic delivery.
540243,B0006SDRRE,A1BYSSNX5KIVLD,"A. Mckee ""Alethea""",0,0,5,1235692800,Hooked for life!,My daughter brought me some of the Market Spice Orange Cinnamon tea and I am CERTAINLY hooked for life.  Now it's hard for me to drink anything else.
165907,B0009F3SA0,A1Q43VG64P4J91,Sylvia A. Aronson,4,4,5,1259625600,"Yogi Tea, Calm Bedtime","As an individual who has difficulty falling asleep, I have tried a number of natural products to make it easier to fall asleep. A friend recommended Yogi Bedtime Tea and I have found that it works well for me. I also found that it is wise for me to get in bed and drink it there, it works that well for me."
549744,B004779XNW,A1VMQAF4D5RTV5,"D. M. Freind ""Movie fan""",7,7,5,1297036800,Great Coffee,This has become my favorite coffeee.  It is strong and bold without being bitter. I even make a second cup with the same puck and it is still good.
560267,B002UT92EY,A1YWZQAIECC0Z6,A. Engelbrecht,1,1,5,1318118400,My cats love this food!,"I have two cats that both eat this food. I adopted each of them and switched them to grain-free food as soon as possible. My little one had very soft stools until he was put on a 100% grain-free diet. Both of their coats are incredibly soft, they aren't overweight and they are full of energy.  It is more expensive than other brands out there, but my cats' health is worth it to me, especially if it will help with possible health issues in the future. The vet is very happy with their health and my boys are very happy with their human."
310097,B008EM51FA,A2OKFIZOKBB2ES,Pa. Purchaser,1,1,5,1332460800,Great Buy!,I was very happy with this product and this seller. I added the product to Hybiscus flower tea to replicate Jamaican Sorrel. It turned out great. The product was well packed and promptly shipped. The taste was what I wanted. I will buy from this seller again.
88612,B000PMJLJO,A2BRZ26DRBZCN5,"T. Huddleston ""k.rogers fan""",1,1,3,1186444800,If you like SALT,"I thought this was the beef jerky that I was used to getting from the gas station on my trips. However, after eating one stick(really two sticks in one).  I ended up drinking two bottles of water.<br />The Salt content!<br />you can taste the salt before the beef jerky"
128192,B00014IVPQ,A33J61NHIEW31F,micohawinds,1,1,5,1335571200,Good So Far - Garden of Life Coconut Oil,"Just received my Garden of Life Extra Virgin Coconut Oil. I've used it to fry apples mixed with lemon, a little bit of sugar, delicious vanilla (also ordered from Amazon.com) and cinnamon - delicious! I tried some on my skin, my hair (which felt silky afterwards) - going coconuts with it! It melts immediately upon contact with the skin. I like that the fragrance is subtle and not overpowering like fake me out coconut fragrances are. So far I am happy with my purchase. I will continue to experience cooking with this oil as well as using on my skin and hair. Try it, I think you'll like it!"
88647,B000PMJLJO,A3VZIFXZ64ABCE,"Steven B. Mills ""tread""",0,0,2,1258761600,gave it away,Ive never tried kc bar-b-q so i didnt know what it was going to taste like. When i finally got it i took one bite and eewwwww not the greatest taste.......not like any bar-b-q ive tasted. Jack links should take this beef steak off the market.......maybe ok for older people that cant tolerate hot food.....my older friend really liked it so i gave it to him. try the peppered beef steak by jack links its the best by far.
560240,B002UT92EY,A3EZIP6YQX5J8Q,SmartMomma,12,13,5,1289952000,My 12 Yr Old Diabetic Cat acts like a Kitten Again!,"My female cat who just was turning 12 this summer lost the fuction/strength of her back legs and she was hopping around (think bunny rabbit); I took her to the vet expecting to be told horrible news and have to put her down...nope. She had diabetes!  I had no idea that was a symptom of high blood sugar and high triglycerides in cats.  She was put on Insulin injections 2 x a day and I was told to stay away from dry cat food (the Vet also told me that diabetes in cats is a MAN CAUSED DISEASE! with all the by products, and grains and junk they put in those foods as fillers) and stick with a high protein low carb canned food twice a day.<br />We have another cat, a 5 yr old non diabetic male...so this meant his diet had to change as well. He was not happy when I took away all dry food.  And slowly over time, my 12 yr old started to sit at the dish more looking at me as to be saying...""sure i can walk but i'm starving lady!""<br /><br />After about a month of insulin injections and their new food routine, my 12 yr old started to regain strength in her back legs and was back up to walking on her toes most of the time, but still had a very hard time jumping on furniture or on the window sill.  I decided to add back the dry food just a small amt. a day and leave it out so they could graze when they were used to. My mom told me about this brand, she feeds it to her dogs, and said she thought they had a cat brand that didn't have any grains in it.<br /><br />I was hesitant b/c of the price and some of the feedback on other petfood sites suggested their cats hated it or it was ""too strong"" for them, whatever that means. Well, let me tell you...2 days later, my 12 yr old diabetic cat was RUNNING! I am not kidding.  She is 100% up on her toes all of the time, running, jumping back up on the couch and bed like she always used to as a younger cat, loves to play ""fight"" with her younger brother cat.  The difference is amazing.  My 5 yr old male cat enjoys the food very much, and while I did try the canned variety that Blue Buffalo has to offer, they were not diggin it at all, so we returned back to the cheaper canned food they like and they get a 1/2 cup of the Blue Buffalo Wilderness Dry in a bowl each morning and they just have a nibble here and there which keeps them both very  happy.  Their coats have never been fluffier and softer.  My female cat has never had soft or fun to pet fur; but suddenly I have noticed over the past week her hair seems fluffy and full and the softest it has ever been. My male cat has always been soft and fluffy, I didn't think his could get any softer, but it has!<br /><br />I'm not saying that Blue Buffalo was a miracle that suddenly made my 12 yr old diabetic cat walk again, I realize that a change in food and insulin was a big part of that, but this definatly made a difference in her quality of life and it happened fast!  It is pricey, but have you ever looked at the back of the ingredients list of other dry cat foods???  RIDICULOUS! THis brand is totally worth it.  ESp since they are getting such a little amt. each day, the large bag will last at least a month.<br /><br />I cannot say enough good things about this brand of food and the fact they actually sell something without grain and gluten. Cats do not need that junk!!!!!!<br /><br />I should also add that both cats seem to have nice soft, thick coats and are maintaining their weight.  My diabetic has always been obese topping off at 14 lbs, she lost 2 lbs over the past few years the Vet says prob the first symptom of her diabetes; she has went up to 13 1/2 lbs and has stayed there; which was a little of a concern when adding in this food; it is high in calories, but with all that running she now is doing up our 17 steps daily, she must be burning it off :)  Shop around for the price, I buy it in a certain well known pet store for about half of this price."
128237,B00014IVPQ,A3VOEJ0HGEAQA0,PGray,0,0,5,1325030400,My Favorite Coconut Oil,"This truly is a wonderful, multi-purpose product! The scent is light and aromatic in the jar and smells great when you're cooking with it. I enjoy cooking with it but also use it on my skin and hair. No other product will leave your skin feeling so silky soft and nourished."
152387,B000LKZD4W,AC4JFEQ9RAO57,KAW,0,0,5,1312502400,Highly Recommend,I ordered a box of the Mesquite Lime after finding the Texas BBQ at my local organic grocery store. I love both flavors but am glad I got a bulk of the lime. It's delicious! I love that its only 75 calories and yet so high in protein. It's hard for me (as a vegetarian) to get enough protein while still keeping my carbs low. The standard protein bar usually has way too much sugar for my liking. These are a great afternoon snack and perfect after an intense workout.
233172,B007TJGZ4A,A57B3FTSTUL33,Anil D'Souza,0,0,4,1327622400,"Pretty good, but a little light","While brewing the coffee produced a great, room-filling aroma, I was slightly disappointed with the strength of the brew vs other k-cups I've tried.  Still, a delicious coffee at a great price."
501059,B000YVGMZW,A1HRECPV2Q79BG,718tech,22,22,5,1243468800,Best canned tuna out there,"Unless you're a health nut, tuna in olive oil is almost always preferable to that in water. And Genova is the best of the normally priced ones. (there are some super-expensive imported brands in a jar, but they cost as much as fresh tuna) For a quick meal, I like to open a can over a salad mix, complete with the oil, then add some fresh lemon juice, salt and pepper and that's it! A quick, delicious healthy meal."
560271,B002UT92EY,A1OS8JJ0GTD6EF,Plain Jane,0,0,5,1347926400,magic bullet for cat with digestive issues,"After 8 years and many vet consultations, diets, and lifestyle changes I finally found a food that my cat can digest -- I wish I'd found this product years ago. My cat has had diarrhea/soft stool, blood in stool, and elimination behavior issues for all 8 years that have made me think she is in serious discomfort -- kitty colitis or the like. The stink this cat used to create was also the foulest odor ever to waft past my nostrils. Vets have largely dismissed my concerns about this (small animal vets have earned about as much of my respect as dentists or auto mechanics -- good luck finding a decent one among the lazy, greedy, or just plain incompetent). I've fed Royal Canin products at vet recommendation (cat hated it and no digestive benefit), as well as Taste of the Wild and Chicken Soup for the Cat Lover's Soul on friends' recommendations, all with zero improvement. Then I moved cross country and could not find these brands at the local store. Picked up the pricey Blue Buffalo wildernes food on a whim and voila -- cat is producing truly solid waste, seems to be able to use the litterbox without discomfort, and has reduced the poop odor by ~90%. She also simply seems to like the taste. The price is outrageous, but it's worth it to have her comfortable and to have a house that doesn't smell like the putrid waste of the devil himself whenever the cat takes a crap. Not being awakened in the middle of the night by eye-wateringly fetid odors wafting from the bathroom, demanding immediate litter scooping, is truly priceless."
233341,B007TJGZ4A,A3S9KB688IOAY4,"David H. Trevor ""K-Cup Nut""",2,2,4,1258329600,Good Flavored Coffee,Good flavored coffee taste.  Not a bold taste which I prefer in flavored coffee.  My main coffee is Parisian Nights which is very bold and outstanding and rocks in the early am.  This hazelnut is a great mid-morning change.  If you don't like bold coffee all of the time and like favored coffee...give this a try!
165516,B001QE7J2G,A1MP8Z3WQ1DD5A,Kristofer L. Takach,0,0,5,1312502400,Better than treats?,"My dog loves this food.  I will say i was skeptical at first since everyone talked about a new formula that was terrible.  Well, maybe this is a new formula but my dog loves it.  He has no problems eating and i can use this food as treats.  He has a nice shiny coat and looks very healthy.  He did have diaeresis at first but that was because the breeder for feeding him cheap stuff and took a while for his stomach to adjust."
560268,B002UT92EY,A2JNPUBGF021JA,Panda Enthusiast,1,1,5,1311811200,"Turns older cats into healthy, vibrant kittens!","I've been feeding my 2 cats cheap (whatever what was on sale at the supermarket) food for years.  They were vomiting hairball-food mixtures all the time, and had dry, flaky skin.  I didn't really take notice until the older cat had to have teeth pulled because of stomatitis.  He was sluggish and had trouble chewing even after surgery.  After searching, I learned that poor diet could be a factor.  So, I decided to quit putting their health on the line and buy some quality food.<br /><br />I had tried a few other brands, but they didn't want to eat any of them.  This, however, they LOVED.  Now ages 13 and 8, they are friskier than ever! They're coats are soft and shiny, their gums healthy, and they stopped vomiting (there's still an occasional hairball once in a while but very rarely).<br /><br />The change in behavior and health is very noticeable, and I'm sure because of this food they will live a long healthy life.  This is the only brand (and flavor) of dry food they eat now!"
442300,B0030HSFW0,AD2YEWDEHF0X,Kara B.,1,1,3,1346284800,Holes upon holes,"I have made a lot of sausage, but this was my first time trying Eastman brand hog casings.  I used up almost an entire package of casings preparing for a recent large BBQ, and I was very disappointed with how many holes I found in each length of casing - between 2 and 5 holes per casing.  Any sausage maker knows the frustration of having to chop casings into 1-2' lengths - just as you get a groove going with your stuffing, you have to stop and put on a new casing.  I bought two packages of Eastman casings, so I am hopeful that I happened to have a bad pack... but when every casing in the pack as multiple holes, it leaves me doubtful.  I will happily update my review if I have a better experience with the second pack.<br /><br />Aside from the holes, I was satisfied with the casing.  They were well-packed in salt, plumped up and softened very nicely after soaking and flushing, and had a nice amount of snap after grilling."
501119,B000YVGMZW,A1T8SPU214BHW9,Paola Costa,1,2,2,1336089600,Warning: nothing to do with Italian tuna!,"this USED to be Italian tuna, but it's now Pacific tuna, packaged in US and Thailand<br />I find it quite deceiving to call it ... ""Tonno Genova""!"
152294,B000LKZD4W,AWX2C6PPAMFX0,Melissa,1,2,2,1298851200,Warning: These smell and taste like dog food :(,"I am a vegetarian, and I wanted so badly to like this vegan jerky. As soon as I opened the package, the first thing I noticed was that the jerky is very moist, not like real beef jerky at all (which I understand to be dry and chewy). Also, it smelled like pure dog food. I decided to take a bite anyway, and found that it tastes exactly like it smells. All I could think about was that I was eating dog food. I gave it 2/5 stars because one of my friends actually liked it, and apparently so do a lot of Amazon users since it comes highly recommended. Hopefully you like it better than I did, but beware if you are easily put off by unpleasant smells!"
152327,B000LKZD4W,A3QOK68RA24N9M,Elizabeth,3,3,5,1253491200,Very Convincing Meat Replacement,"I ate beef jerky every single day at my school cafeteria when I was growing up. I loved the stuff. And then I became a vegetarian and, alas, I thought my beef jerky days were done for. Until I discovered this. It is very convincing - the texture isn't gross or suspect like many fake meat products. It isn't too tough, is a bit moist, and has a nice flavor. It is much softer than Tofuky Jerky beef jerky replacement, so the texture is easier to deal with, but this flavor is more sweet than the spicy Tofuky Jerky version. I'm excited to taste other flavors to see if there is something a bit on the spicy barbecue side rather than sweet barbecue side, but in general, I really like this and it might convince even the most skeptical meat eater. My dad even liked it, which is saying a lot - he is an old school eater who was very skeptical of anything vegetarian."
79836,B001IZM92S,A1UFWXS9USVWNF,Courtney,0,0,5,1297209600,Wonderful crunchy apple chips!,These are delicious and are a great price.  Buying in the larger quantity makes these apples more affordable (although still a little pricey) and I love that they are organic.  I had been looking for a crunchy dried apples (as opposed to the chewy softer dried apples sold at my co-op) and these are perfect--crunchy and sweet without and added oil or sugar.  You won't regret your order!<br /><br />Courtney
233304,B007TJGZ4A,A1WRPNUQEJ3GJU,C. legaspi,0,0,4,1261267200,Gloria Jean Hazelnut K-Cups,I've been ordered this product several times and the quality is consistent. I haven't had a bad cup yet. If you like hazelnut coffee then this will not disappoint. I wish more K-Cups would be packaged this way.
310100,B008EM51FA,A3LXA059CB5J3M,"Gift Card Recipient ""Yvonne H""",0,0,5,1351036800,"A delight for ""ginger people""","I was introduced to this absolutely delicious drink by a colleague and was so impressed I went ahead and bought three packs right away.  My family and many friends totally LOVE it! It also a good drink for busy people: it's ready in no time...very healthy too, especially during the colder months to help build a healthy immune system..."
501063,B000YVGMZW,A1CJ448Q3HMCVY,bettasbetta,8,8,4,1268006400,the closest thing to the real deal for the price,"As an Italian living in the US, I find the tuna that is available in the typical supermarket tasteless. I started looking for an affordable alternative to the expensive imported brands and I came across this one. Tonno Genova is preserved in olive oil like in the mediterranean regions of Europe, and I got a 24-pack for $25.<br /><br />Bottom line is: this is not the best that you can get, but it's definitely the best for the price."
310123,B008EM51FA,AFPUH4744Z5QN,"Another Bodacious Jackson ""ABJ""",0,0,5,1315526400,A thing I look forward to in the mornings,"It is a strong eye opener, the weak at heart should dillute it in a larger than 8oz cup/glass.  I enjoy it's strength and welcome all the ginger goodness.  I hope you'll try it and do the same."
152293,B000LKZD4W,AG5FWTUPJPY51,Tami,1,2,5,1307836800,Spoiled Vegan,A sweet barbecue moist chewy jerky that makes it difficult to keep 24 strips around for very long.  You'll be spoiled.
79786,B001IZM92S,A1OSMUWASSRR36,Nicole Machi,2,3,4,1272240000,Delicious healthy snack,"I don't like cinnamon and I don't like apples, so I was surprised when a friend offered me <a href=""http://www.amazon.com/gp/product/B0017I753O"">Bare Fruit 100% Organic Bake-Dried Cinnamon Apple Chips, 2.6 Ounce Bags (Pack of 12)</a> and I liked it. I figured I'd like it even more without cinnamon so I found these on Amazon and oh my... they are AMAZING!! I have eaten one full pound and have not experienced any bad chips like the one reviewer who said they were musty. My roommate ate the other pound and said one chip was incredibly sour, but all the others were great. The only reason I took off a star is because the packaging did not include nutrition information. It was easy enough to find on livestrong, but I definitely think it should be included. Because the chips are all different sizes they don't give an easy to visualize amount, say 1/4 cup = this many calories.. You really need a foods scale to know how much you're eating but in case its of any use to anyone, 24 grams of chips is 58 calories. 16 g is carbs, and 2 g fiber.<br /><br />I gave some to my dad to try. He grows about 10 different varieties of fruit trees, including apples. He said he's dried apples before and they taste the same as these! He takes care not to use anything non-organic or unhealthy so its good they taste the same! Also for some reason they store better in the shiny bag they ship in. I divided one bag into ziplocs to be able to grab for snacks, and they got sort of soft, whereas the chips kept in the original bag inside a ziplock stayed crispy and fresh."
233346,B007TJGZ4A,A1BY8JLTW1KHHI,Lawrence W. Golden,2,2,5,1252713600,This product has made us K-Cup Hazelnut nuts!,This brand of Hazelnut K-Cups is great!  Wish we could get them in larger quantities than 50 packs.
560257,B002UT92EY,A32SVHFBZE68QS,Dianna,2,2,5,1307664000,Great Natural Cat Food at a Reasonable Price,"I have tried other natural cats foods that are much more expensive and harder to find than Blue.  Even though Blue Buffalo costs a little more than the typical grocery store type foods, they are much better for you pets.  Since I have been using Blue Buffalo Wilderness I have noticed a reduced amount of waste and smell in the litter box from my cats.  They seem to be much happier.  Plus, my Siamese mix was showing signs of the onset of kidney failure which he no longer has.  Thanks BLUE BUFFALO, WE LOVE YOU."
128202,B00014IVPQ,A3FTQ9ZFQ6TMU3,TheTealDeal,1,1,4,1296950400,Good Quality Coconut Oil,"I bought this brand of coconut oil strictly for beauty, bodily purposes.  It works quite well as an overall face and body moisturizer, although I use it primarily as a lip treatment during these cold, dry winter months.  It's still in solid form due to the cold weather in my area, but I've just been taking small chunks of it and allowing it to melt in my hands for a few seconds or so before applying to skin.  As others users have noted, I've found this oil to have a toasty-like smell which I don't mind so much.  I might try the Nutiva brand next time because I've heard it has a nicer smell.  In the near future I'll probably purchase more coconut oils just for cooking/baking purposes.  I give this brand an A."
442290,B0030HSFW0,A2T4W7Y9HDPAGL,Irene R. Jones,2,2,5,1333497600,Sausage Skins,"I wasn't too sure this product would produce perfect sauasges. They surpass my expecations! They are so thin and give a sausage the prefect coating.<br />Have to work out the correct number to use, and how to master getting them onto the stuffer, but my second attempt (learn by disaster)gave me the easy perfect sausage I was looking for.<br />Begin by soaking them in cold water first while preparing the meat.Set up the stuffer and then GREASE the outside of the stuffer.Only a small amount of butter is needed! Place one end of a casing onto a small plastic funnel and run warm water through until they bloat up.Then thread the casing onto the stuffer and happily stuff your sausage with the meat.<br />Hint:- Feed the meat into the stuffer with  one hand and guide the casing with the other.<br />When cooked the sausage has the skin but so fine you can't taste it. Very fine product."
165916,B0009F3SA0,A36ZN8QGNI5TM7,"A. You ""sleep needed""",2,2,5,1265414400,This is a great Tea,"Yogi Bedtime Tea makes it much easier for me to fall asleep at night.  I have fibromyalgia and sleeping is something that I do not do well, so when I find a product that helps me sleep, I love it and this one works well."
233308,B007TJGZ4A,AQORDZQRTQLAJ,"Colleen Vandal ""Colleen""",0,0,4,1258761600,Good coffee if you don't want a full hazelnut flavor.,"I like the coffee ok, although I must say it doesn't have much of a hazelnut flavor."
215455,B0014X5O1C,A2IW5H7K71S3HU,Kim H.,2,2,1,1280793600,Blech,Out of our family of five no one liked this drink. It tastes odd. I could drink it if I absolutely had no other choice.
310134,B008EM51FA,A1ZPY91VE3IDN1,J. Offenbach,1,2,5,1329782400,Not limited to hot beverage,"The Prince of Peace Instant Ginger Honey Crystals originally didn't impress me because the first ingredient was cane sugar, followed by honey and then ginger.  Because we don't drink many sweet beverages, the 70 calories and 17 sugar grams seemed outrageous.  We also were not thrilled with the biblical proverbs imprinted on the packaging.  After opening the first pouch, however, our family was hooked on the spicy sweet crystals.  Each pouch contains 12 grams of ginger and it is very, very spicy, just what we like around here.  We empty a packet into a little jar and always have some accessible in the kitchen.  I use a little binder clip on a packet in my bag when traveling, so I can slip a few crystals on my tongue even when there's no water available.  I add this to white or green tea, mix it in my chai and add no other sweetener, sprinkle it on yogurt, fruit and fiber cereal in the morning, and even have used it to tone down an overly spicy seafood stew I made last week.  I don't know how, but throwing in about a half teaspoon worked a miracle.  The hot beverage is great when we're nauseous or just feeling less than perfect, and when chilled, is a perfect complement to one of those clear beverages we may drink for relaxation.  If you like ginger, think about taking a break from the ginger chews/candy and try these little delectable crystals instead."
215524,B0014X5O1C,A1XFNGJ2BMGKAZ,Jeanne Anderson,0,0,4,1208995200,Very Tasty,I really enjoyed this Clementine flavor of Izze All Natural Sparkling Juice. It is nice to drink something that is sweetened natural.<br /><br />I really enjoy this drink.  It is so healthy and good for you.  My husband and I like them but when I gave them to my grandchildren to try they didn't care for it.<br /><br />I'm eager to try another flavor.
79767,B001IZM92S,A3UKWQS8SRW6IO,TropicalMinnesota,3,3,5,1295136000,Great or me and my dog!,"I accidentally ordered these when looking for apple chips like Pannera Bread serves on Fuji apple salads. As soon as I placed the order I thought they were the wrong product and tried to cancel it, but was not able to.  I then ordered a case of apple chips, which were delicious, but full of sugar and calories. I ate the chips and had these left.<br /><br />I was surprised when I opened the bag to find that these are exactly what I was looking for.  They are not the thick, chewy dried apples that I thought they were.  They are thin and crispy, but without added fat or sugar.  I am enjoying them as a snack, stirred into oatmeal and tossed into salads.  I am also using them as low calorie, inexpensive and healthy dog treats, where they are a big hit.<br /><br />Some of the chips are medium and some broken into not much more than crumbs, but it is easy to pull out the size you need for your current use. They are all smaller and thicker than the apple chips I bought.<br /><br />According to the information I have been able to find, there are 29 calories in 1/4 cup (12 grams) and no fat.  The shelf life is one year, but there are no ""use by"" dates on the bags.<br /><br />I am very happy to eat my ""mistake"" and will gladly order these again."
165605,B001QE7J2G,A2NOC3X5DSTT4W,J. Ladouceur,2,2,5,1168387200,Always great,My dogs just love this food. The service is always fast and reliable.
268339,B0040K41MY,A3EZFFPVS34AMO,PD,0,0,4,1340236800,"Good Flavor, Doesn't Go Soggy","I found this surprisingly good, it didn't have that ""I'm such a good health food that I taste like bamboo and cardboard"" flavor. It doesn't go soggy in the first 30 seconds which is REALLY nice. And because it's gluten free, I didn't bloat out like when eating Kashi and other wheat cereals. And I found it just right sweetness-wise, not sure why other reviewers were coming down on it for that. Sweetness is subjective and I probably tolerate a higher level, so for comparison, I can eat Honey Nut Cheerios all day, but if you give me regular Cheerios then I need a bit of sugar or at least a banana thrown in there. If you prefer straight Cheerios out of the box, then you may find this a bit too sweet, but it's not like Frosted Flakes, lol.<br /><br />This is good, definitely one to buy again, although the selling price is a tad high becasue you only get 10 ounces in a box. But good food costs, so I guess I wouldn't expect this to be a buck a box. Enjoy!"
215431,B0014X5O1C,A2APAT58MEMI2L,Carolyn Rampe,0,1,5,1217376000,"delicious drink, my whole family loves it","Great product, absolutely wonderful, I buy them by the case for my husband, they are healthy and taste unbelievable!"
79795,B001IZM92S,A38VVOTC7EG8YM,P. Sherman,0,0,5,1345507200,Can't eat just one....,"After reading these mixed reviews, I didn't know what to expect from these. Well, I finally had to put the bag down to write this review. The first one out of the bag wasn't particularly crispy, but that was fine--it still had a very strong apple taste (I don't see how anyone can compare these to cardboard unless their tastebuds are compromised somehow). The next dozen pieces were very crispy. And I find the taste to be very flavorful (with 61-year-old tastebuds...). So count this review as a definite YES! And now I would like to go back to my snacking."
310106,B008EM51FA,ASCY3FM3SC6F2,classy cooking diva,0,0,5,1350000000,Great Ginger Tea,"I had been brewing Ginger Tea from grated fresh ginger. Ginger Honey Crystals are easy and have a delicious flavor.  This is a strong tea and I enjoy it hot or cold.  I strongly recommend this product if you enjoy ginger tea.<br /><a href=""http://www.amazon.com/gp/product/B002SWB73C"">Instant Ginger Honey Crystals Pack of 30 Bags - 18 g Sachets</a>"
88655,B000PMJLJO,AG7QPDO7GNT5B,Fake name real review,0,0,4,1240012800,pretty good,These were pretty good but the 2 oz ones taste better. Maybe I just got a bad box of these though. still great protein and energy.
268250,B0040K41MY,A2E1EFNIZL2FVA,Rizzo  &#4314;(&#3232;_&#3232;&#4314;),1,2,3,1342396800,For the healthy breakfast eater..... not my choice,"I'm not one for special cereals, and this one is considered organic and also gluten-free, while the flavor speaks of vanilla and it contains a certain amount of crunchiness.  The products are mostly organic, and there is quite a mixture.... Quinoa, rice, flaxseed, bran, cornmeal, etc., etc.<br /><br />When I look at the package of the product, it looks like someone mixed a whole bunch of different cereals into the box.  I never did approve of mixing cereals, and that is what this resembles.<br /><br />You have to acquire a taste for this.  There is more of a sweeter taste that I would not have selected.  It is acceptable, but nothing great.  For the more healthy conscious breakfast eaters, this would serve them well, but for me, it is not something I would purchase.  Rizzo"
560241,B002UT92EY,ARYSDAZNRXN6G,A. Crafton,8,8,5,1317254400,A miracle for our cat!,"My Siamese-mix cat had to wear a cone because of her non-stop compulsive grooming. Her overgrooming started when I put my cats back on kibble and stopped making raw food for them; even though I didn't buy cheap food and fed them premium kibble, apparently something in the food didn't agree with her. After going through all kinds of theories (including 'fleas' which she did not have) my vet suggested a hypoallergenic food (Science Diet being one). I refuse to use that product but I did see the Blue Buffalo Wilderness at Petco and decided to try it.<br /><br />My cats, notoriously picky, all loved the Wilderness from the minute we put it on the bowl; they thought it was a treat! So periodically we would try to take the cone off our overgroomer, and she'd start in right away so we'd put it back on. Finally after about four months we took it off (this was just a week ago!) and she started in on herself again...but then she just stopped and looked around. A few more licks, then she'd stop and look around. It was as if she realized she didn't have to do it any more.<br />What made us decide it was time to take the cone off this time, and leave it off, was that her fur is in the most amazing condition. It's deeply luxuriant and thick, and so soft! She also has a healthy weight to her for the first time in years! She's looked a little on the thin side for the past few years, but in a typical lanky Siamese way so we didn't think it was bad. Now though it's clear she has an allergy of some kind, some grain or the gluten perhaps? And Blue Buffalo has basically made a new cat out of her!<br /><br />As a side note, my 14 year old elderly cat looks like a cat 1/4 her age, and acts like it as well. When we switched to Blue Buffalo we did it wholeheartedly and decided ALL the cats would eat it (and the dog too!). My 10 year old cat has always had a weight problem EXCEPT when he was on raw food, now he's down to 12 pounds from his previous 16 lb. kibble weight but he's not emaciated; he's sleek and glossy and looks like a much younger cat. He plays like he thinks he's a kitten again, and he just seems so bright eyed and alert. One thing I noticed was that he always seemed to have an eating disorder (even though healthy at the vet's) and would eat and eat until he vomited it up and just start over...he doesn't have that insatiable eating disorder any more! Another bonus to the Blue Buffalo, I have not stepped in a cold wet pile of cat hork in the middle of the night, in quite some time.<br />That right there is worth the price of the food!<br /><br />We are HUGE fans of Blue Buffalo and I try to get everyone to try it! Don't balk at the price, you actually will end up having to feed less of this than regular kibble! Once you see the results that are possible from this amazing food, you won't want to use anything else. If your cat/dog has dry skin, sheds too much, has a weight problem, etc, this food is for you! Try the Blue Buffalo Wilderness before you buy anything else, chances are good that you won't need to go buy 'prescription specialty food'. If you have a diabetic animal, the Blue Buffalo Wilderness is one of the best foods you can choose! Compare it side by side to the 'prescription diet' you'll no doubt be told is best. See if the Blue Buffalo Wilderness isn't lower in carbohydrates and higher in protein than that prescription stuff! (Check with your vet to make sure higher protein isn't a problem for your pet though)"
152349,B000LKZD4W,A4QZ8I8ZINQGX,Lindsay,1,1,5,1302998400,AMAZING,"This is just simply delicious! I have so far tried the Texas BBQ and the Mesquite Lime and I can't describe how tasty it is! I've never had real beef jerky before so the only way I could see someone giving this a bad review, is if it doesn't taste how someone would expect but whatever it taste like believe me, it's delicious! The jerky is not dry, because they seal in the perfect amount of sauce so its not wet, but moist!<br /><br />The particular packages I tried however looked different than the picture amazon has here so I'm not sure if Primal Spirit has changed their marketing recently and these are old pictures, or if when you order it, it will actually look like the picture shown. If you go to their website, the pictures on the website are exactly what I purchased from Whole Foods. I'd love to buy them online for the convenience but, I'd like to be sure they are the same packaging and not an older version<br /><br />Anyway, great product! Hope to try all the flavors soon!"
501102,B000YVGMZW,A3RC15UH8QX1K4,august west,1,1,4,1274313600,"great tuna, great value",This is good quality tuna. It doesn't say what species on the can but I am guessing tongol. Stays nice and moist in the olive oil. 3oz cans are perfect for 1 portion.
549733,B004779XNW,A3U90ZYSJ87XS,VintageSooner,0,0,5,1316649600,Deep Robust Flavor!,"This Dark Magic, Extra Bold, Dark Roast is one of my favorites!  Great for that eye-opening first cup in the morning!  Then, for my second cup, I switch to the Green Mountain Haff-Caff.  Both have the deep flavor I crave!"
540255,B0006SDRRE,A3EJRICO2T4WNB,Stephanie Gyorkos,0,0,5,1193443200,Awesome Tea!,I am a tea drinker and have never drank coffee. Seven years ago I drank a variation of teas but never had a favorite until I tried MarketSpice Tea. I got hooked on it and have since drank no other tea.(The taste is phenomenal). At my place of employment I would have my tea cup on the counter and the aroma would catch people's interest with remarks on it's amazing aroma. Unfortunately 3 years ago the business where I purchased the tea had closed and no other place in the city carried it. So in desperation I went onto Amazon and found out I was able to order the tea through them. I was saved. Since then I have ordered through Amazon and have been so pleased with how easy it is and the fantastic and quick service I have received from Amazon and MarketSpice. I am never without my tea.
310132,B008EM51FA,A3T9HZGKQEBRBJ,"mrsprim ""mrsprim""",0,0,5,1276732800,Great product,I love this stuff. I find it acts as a cleanser for your system. I did have to travel to China-town to buy but Amazon is much more convenient and runs about the same price.
268224,B0040K41MY,A2D7X9N3IV3S7B,deeper waters,0,0,2,1339027200,Gives Organic a Bad Name,"The first sentence on the back of the box urges consumers to not ""confuse vanilla with ordinary"".  It seemed a strange emphasis for an organic cereal filled with all of the current ""right stuff"" and after tasting ""Crunchy Vanilla Sunrise"", I understood the need to convince people that what they were eating was something special.  The predominant initial flavor is faux vanilla, followed by a bitter, lingering aftertaste. Overly sweet and artificial, this cereal tries to be all things to all people, managing to satisfy few.  There are better alternatives on the shelf."
233181,B007TJGZ4A,A3EHIB6FBB2HAQ,"Terry Tunes ""piano girl""",0,0,5,1324425600,coffee pods,The coffee came really fast and so fresh! I am always happy with my amazon purchases. Will continue to order from this site.
310081,B008EM51FA,A3HLOLD3BE9W4A,R. Hall,3,3,5,1344470400,Can't live without it!,"I have been drinking this ginger tea for years, and can't live without it. I have IBS and digestive upset is a way of life unfortunately; however, this ginger tea is strong enough to provide a digestive tonic and it tastes good too. I wish it were a little less sweet, but I don't eat a lot of sugar normally. I am pregnant now, and have been drinking it throughout. It settles my belly and helps with the IBS symptoms as well. I have driven 2 hours before to get this from Chinatown, so I'm super happy that I can get it here when I need it as well!"
442305,B0030HSFW0,AN60T7SNZF3V1,xmarie,1,1,5,1335571200,slippery when wet,Nice castings but slippery I almost lost one down the drain...lmao follow instructions and soak them and  clean well and add 1 tablespoon vinegar in about a pint of warm water. They brown well and was tender best Italian sausage I ever ate. I would order again.
549708,B004779XNW,A31B049UPN0OX5,Kev72,0,0,3,1324252800,Decent,"This coffee is a packaged as a dark roast, however, I find the flavor to be more of a medium roast. It is also a bit acidic."
128186,B00014IVPQ,AQKBCHMK4YMHI,Chris J. Doyle,2,2,5,1315180800,Haven't used it for cooking but if it's as good as it is in toiletries...,"This product has a host of books and reviews about its benefits to folks when consumed in place of other oils, but I don't use it for cooking.  It's my all-in-one cosmetic.  I use it to condition my hair (pre-wash, or use a little on the ends of hair after wash), moisturizer, make-up remover, and couldn't be happier.  It's so inexpensive next to all the other things I used to use, that now don't take up all that room in my bath.  I cannot speak highly enough about it as a beauty aid.  No more facial moisturizers, make-up removers, eyelash conditioner, body moisturizer, and hair treatments.  All-in-one, and perfect at all of it.  Then there's the smell of summer that it leaves on you and in your hair.  Gorgeous, I feel like there's a little piece of the Hamptons on me.  Only one thing wrong - if you're not looking to tan or burn be careful in the sun, it's an oil, folks.  Also, it's liquid in high heat, so pack it well in your suitcase.  Use a baggie over it, just in case."
310079,B008EM51FA,A3P4GEZC4SP44C,Bert Drake,4,4,5,1319328000,really good service and price,I've been ordering this product for about a year now and take it daily (has improved my ph balance!) and this vendor always has it in stock and ships it fast & free! Can't ask for better
233276,B007TJGZ4A,A311BT0MW8637Z,"Sandra L. Personette ""Sandylp.com""",0,0,4,1278028800,The coffee is great but Packaging is terrible!,"The coffee is fine, and the price is a bargain, BUT...when the box was delivered, there was loose coffee coming out of the bottom of the box.  Some of the K-cups were open and had to be thrown away and were not useable.  It looks like the K-cups are just thrown into the carton and some were torn open in the process.  The box was undamaged so the damage was not incurred during shipping.  If it occurs again, I'm going to cancel the subscription."
215437,B0014X5O1C,A33H0WC9MI8OVW,Clare Chu,8,16,1,1209168000,"Ugh!  High in sugar, low on taste","My daughter, husband and I tried it.  Her first reaction is that it's too sweet, less fizzy and she didn't want to finish her can.  I tried it and felt a sugar shock coming on, with not much taste.  Hansen's Mandarin Lime is much tastier.  My husband, said ""Ugh it's horrible, why did I try it?"" and poured it down the sink.  Warning:  19 grams of sugar reminds me of the horrible orange drinks they give you for glucose tolerance test.  And what's with the rosin?  I thought that is for violin bows.  Some people might be extremely allergic to it.  Finally the label says no refined sugar, but concentrating fruit juices is refining sugar, just a matter of technicality."
79763,B001IZM92S,A37G54UTVKLCWQ,S. Golden,6,6,5,1274832000,Excellent Product!,"I was a little concerned about buying these in bulk after reading some of the previous reviews.  My concerns were unfounded, I was delighted with the product.  There was no musty taste in any of my bags, (I bought 4 1# packages).  They taste exactly the same as what I buy in the smaller snack packages from the grocery store.  This is a great product, sweet and crunchy, and WAY less expensive to purchase this way."
152360,B000LKZD4W,AE1ZME0QHI8U,L. Johnson,1,1,4,1189296000,ok product really sloooooww shipping,"I too think these strips are a bit too sweet - but this one has 10 grams of protein. Now the that prices have gone up, it's close to what I would pay in the one store in my town that sells them. It also took weeks to get them with the free shipping.  So hmm..."
549646,B004779XNW,A30Z1HJSU3O31I,Lewis D Ford,0,0,3,1345075200,Had to downsize because K-Cups were so weak,"The coffee is pretty good at the smallest cup size, but it gets weak fast the larger serving size you use. For a brand claiming to be ""Black"", I expected more coffee per cup."
540258,B0006SDRRE,A2SPE0LFS7QXCD,S. G. Sevilles,0,0,5,1178928000,Grats Teas,Market spice puts out a great product and great service. Their market spice tea is world renowned.
128229,B00014IVPQ,A3GQQBM0NP6V93,Morgaine,0,0,5,1332460800,Tastes Great,"I'm not a coconut oil savant, but I got this for my stovetop popcorn popper and it's awesome.  It's not super-greasy, very light, cooks the popcorn to perfection and leaves an amazing hint of coconut without the sweetness (although my husband says it doesn't get the coconut hint, but he misses a lot of hints).  It shipped quickly, was well-packaged, and is a good price, I didn't want to buy a ton in case we didn't like it."
540248,B0006SDRRE,A3I5ZVSQH7EO0Z,L. Parker,0,0,5,1221004800,Market Spice Tea,"Excellent Tea, I have enjoyed it for years. Shipping costs I thought were too much. its very heavy on orange and cinnimon. But it reminds me of the days when I visited the Pikes Place Market often. You can sip it while shopping for other items."
268328,B0040K41MY,A1WKEAS58297E5,"Jesus First ""Darren & Holly""",0,0,4,1340841600,Yummy!,"I wasn't expecting much from this cereal, but it actually turned out to be very delicious AND it kept its crunchiness! I will be buying this cereal again."
152325,B000LKZD4W,A221633P5RKKQ6,"Tammy ""California Girl""",6,7,5,1219190400,Great Vegan food!,"These jerky strips are delicious!  I've been a vegetarian for 13 years and I'm always looking for tasty vegetarian ""meat replacement"" foods.  These strips definitely work for me. I keep a couple in my car to snack on when I don't have time to stop and eat.  The texture is so ""meat-like"" you will question yourself and re-read the ingredients to be sure is isn't made from animal flesh. I bought a case of the Texas BBQ and a case of the Hickory Smoked.  They are both fantastic, and the Texas BBQ has a nice spicy kick! I think you'll really enjoy this product. I do. <a href=""http://www.amazon.com/gp/product/B000LKZD4W"">Primal Spirit Vegan Meat Alternative Jerky, Texas Barbecue Flavor, 1-Ounce Pouch  (Pack of 24)</a>"
549760,B004779XNW,A3EUSGSIFIP8OJ,P. Lewis,0,0,5,1310688000,"Green Mountain Coffee Dark Magic, Extra Bold K Cup","This is the perfect coffee for me.  I like my coffee on the strong side and this makes a strong 10 ounce cup of coffee in my Cuisinart K Cup breweer.  The taste is fantastic and if you preferred a weaker brew you could make the 12 oumce cup. My brewer has 4 size choices based on your taste preferences.  I have had a problem with some of the K cups being on the weak side and having to brew two small cups to make a full coffee cup, but with this brand I am completely satisfied with the taste.  I recommend it to anyone.  Very flavorful and full bodied..."
540263,B0006SDRRE,A3QO5F2SYY6T30,"Robbin Barnes ""robbinsellsbooks""",0,0,5,1168732800,Love this tea!,"This is my favorite tea in the whole world.  I first tried it at the Seatle Public Market on a trip to Seatle in the early '90s.  I brought it home and hoarded it for a long time.  Thanks to the internet, I can now keep a stock of it at all times.<br /><br />If you like a strong, spicey tea, this one is for you!"
128226,B00014IVPQ,A3I4Z0WZH5R5SW,"S. Plummer ""Novel Afficiando""",0,0,5,1337558400,Tummy yummy and luxurious!,"Since purchasing this item have been using it for my hair and body (internal and external). Had a slight mishap and wound up on the floor a spill or two from the bottle but overall very yummy and oh so luxurious. Coconut Oil I can do just not Almond Joy too many strings. Oh well, as I said before tummy yummy and luxurious!"
152287,B000LKZD4W,A2XJGCX2KT6FA8,Mrs. DL,0,0,5,1202428800,I love these!,"Amazing and yummy, no vegan or veggie-head should go without! Even meat-lovers will enjoy!The Thai Peanut flavor makes it a good protein source to add to things like soup."
310121,B008EM51FA,A361KG0B0RF4FX,"Josephine R. Henry ""JRBH""",0,0,5,1316044800,Fantastic,I received a small box of these Ginger and Honey crystals and I fell in love with them! What a great way to bump up your cup of hot tea. They are strong and I would recommend starting with a small portion. I ordered two bags of thirty packs and now my Daughter in Law wants a 30 Pack. Love It!
560279,B002UT92EY,A215YRPBJJQH8S,M. Griffin,0,0,3,1333065600,This stuff didn't work for our cat,"I have no doubt this product contains quality ingredients, and for many cats it might be a key to good health and nutrition. We were looking for a high-quality grain-free food, and our cat wasn't able to digest this well at all. She seemed to like the taste of it just fine, certainly never ate less of it than other foods, but it gave her diarrhea which persisted even when we cut the food down to a 50/50 mix with her old food. As soon as we switched her to a different food, a more conventional healthy weight loss formula, the problem went away immediately. I don't mean to imply this will happen with every cat, and I can see there are many good reviews here (which is why we tried it, despite the price being quite a bit higher than our usual cat food), but I thought I should mention our cat's strong reaction. If your cat is sometime ""iffy"" with new foods, you might consider purchasing a smaller quantity of this first to make sure they can digest it OK."
560251,B002UT92EY,A284G5EYPOOXLA,"John Pozatron ""JP""",3,3,5,1316736000,Cat's gotta eat paleo too,"Cat's are of the order carnivora. They eat meat. Have you ever seen a pack of lions stalking a wounded corn field? Or a puma pounce on a loan soybean plant? No? Sounds ridiculous, right? Then don't feed that to your house cat! 95% of pet food on the market is full of grains and caloric fillers that are nothing like your cat's natural/ancestral diet. If you want your cat to behave without anxiety, shed less, and generally be as lean as a jungle cat, than you need to feed him like one.<br /><br />Short of a raw meat diet, this is the most practical approach to cat food. I have no complains. I give Mikhail two scoops every two days - he eats when he is hungry, is perfectly healthy and thriving at 10 jungle cat pounds.<br /><br />Are you afraid of switching your cat's diet,as they are fussy? Maybe you're just a push-over. Ha, but seriously they will love this!"
549849,B004779XNW,A9BZXELSE4T0K,"Susan R. ""rsuejo""",1,1,5,1347148800,best k cup coffee,Green mountain Dark magic is bold and dark without being bitter. Thats why it is my morning wake up coffee.
79788,B001IZM92S,A3B2IDHXFJ7DJF,YL,0,0,5,1351123200,Yummm! Crunch!,"Discovered this product at Costco via their Dried Apple Medley (Granny Smith, Fuji, and Gala). Realized I was picking through the bag for the red ones (avoiding the Granny Smiths!), since they were the sweetest, crunchiest, and yummiest! I desperately hoped they were Fuji, since they don't sell Gala on its own like this. And, YAY, THEY WERE THE FUJI APPLES! 2 LBS OF SWEET, CRUNCHY APPLES IN BULK FROM AMAZON!! :D No more picking through! (Even though the Costco 14 oz bag of the medley was $5.99 and a better deal for dried apple chips in general...)<br /><br />Also make sure, as others have noted, to keep the apples in the bag they came in. Ziplock bags don't preserve food as well as metal/foil-lined bags, and so the dried apples will go stale in Ziplock bags."
88662,B000PMJLJO,ACYWVK1RG8999,"T. Lewis ""Toni""",0,0,4,1232064000,Cajun Jerky,"Have never seen this in the stores, my favorite is Peppered but also ordered this at the same time.  Was glad I did.  Very good flavor, kind of spicy ""after the fact"".  Love the single serving packs so you don't eat too much and great source of protien!"
549783,B004779XNW,AF7KR3DS8W5GM,K. Yung,0,0,4,1285027200,Keurig,Love the bold taste...like having good strong coffee at Starbucks but paying far less making it at home.
79765,B001IZM92S,A31WTOHVSP8C2E,D. Riggins,5,5,4,1244332800,A Healthy Yum!,"I've been looking for something like this for a while.  I don't care for dried ""chewy"" fruit.  These apples are nice and crispy.  They're sweet.  There are a couple that are chewy but for the most part, crispy.  I love them.  To find some that don't have preservatives is amazing.<br />I highly recommend them.  You'll have trouble putting them away."
152377,B000LKZD4W,A2JV57QORWO99N,Manda,0,0,3,1331683200,Teriyaki flavor primal strips,"Not a good flavor overall. I have only tried the TERIYAKI flavored strips, and hate them. The texture and the sweetness is just gross together. I'm going to try a different flavor before writing this off, but yuck. I'm a vegan by the way, and I've had some amazingly delicious fake-feet products: this is not one of them."
88600,B000PMJLJO,A17MRB5QEHV7ZX,Bug fan,18,18,4,1240272000,Pretty nice,"The product consists of an approximately 10 inch (25 cm) long piece of meat with 1 or 2 smaller (approx 1 1/2-2 inches, 3-5 cm) pieces thrown in.  The meat is about 1/4 inch (6-7 mm) thick and comes in a fairly easy, peel open package.  Taste is good though on the salty side (it carries more than 1/2 the daily recommended amount of salt).  It does not actually taste like steak, just jerky, but the meat is pretty tender and I didn't feel like I was wrestling with shoe leather.  I appreciate the fact that the pepper bits are not ""loose"" like some other jerkies, so crumbs are not much of a concern.  Per the box, store in a cool, dry place.<br />Nutritional info:<br /><br />Servings per container: 1<br />Calories: 120<br />Total fat: 2g (3%)<br />Saturated fat: 1g (5%)<br />Trans fat: 0g<br />Cholesterol: 50 mg (17%)<br />Sodium: 1360 mg (57%)<br />Total carbohydrates: 4g (1%)<br />Dietary fiber: 0g<br />Sugars: 2g<br />Protein: 22g"
128187,B00014IVPQ,A1AH85DX4XDE4D,"Anonymous ""Anonymous""",4,5,4,1275091200,Smells good,And tastes yummy when you fry plantains with it. I had a bad sunburn last year on my shoulders. They were red and peeling and I put this on my skin and what a relief. The burning stopped and minimized the peeling. IDK about all the other health properties/uses people rave about though. Oh and it solidifies rather easily.
549813,B004779XNW,A1T4XNA6LM3EYS,Joe Smith,0,1,1,1338076800,Undrinkable,"Wow, this stuff is nasty. I'm glad I only ordered one box. This coffee is so bitter and acidic. Everlasting, horrible aftertaste. Will not be buying this again. I'm a big fan of the extra bold k-cups my current favorite being Timothy's Midnight Magic."
165563,B001QE7J2G,A3DAXM59DANA8Z,Gemma Zanowski,7,7,5,1170028800,The best product for the price,"After reading the book ""Deadly Feasts"" I was horrified to learn what kinds of items may end up in my dogs' food! I started researching different dog foods and consistently received the same brand recommendations: Innova, Canidae, Wellness, Chicken Soup for the Dog Lover's Soul...etc. I initially settled on Canidae, but also tried Wellness on a recommendation. The Wellness produced loose stools in two of my foster poodles, so I no longer use that brand. The Canidae, however, is perfect for my multi dog household, which often includes dogs ranging from puppyhood to senior status. The ingredients are phenomenal and, as all reviewers have said, the food contains no corn, wheat or soy, all common allergens in dogs. Although I also use and would recommend Innova Evo dry dog food, Canidae costs $35 for 40 pounds and Innova costs about $50 for a 28 pound bag. So, if you are budgeting a bit but would still like to give your dog the best, Canidae is great. After switching my dogs to Canidae, I noticed several things. First, my labrador retriever's coat sheen increased to the point of nearly blinding me in the sunglight; second, he lost about 10 pounds and developed greater muscle tone (although he was always fed recommended portions of commercial foods); third, my shedding dogs shed a lot less than in the past; and fourth, bad doggy breath is greatly reduced. I see no excuse not to switch your dog from a commercial food to Canidae or another super premium brand - it costs no more than a fancy bag of Iams or Science Diet, but can add quality years to your pets' lives! If you own a dog prone to allergies, such as a poodle, this food can't be beat. I had a family adopt a 5-pound malipoo from me and they emailed me to say they cannot feed him anything other than Canidae or he develops loose stools and needs to be taken out to the bathroom contantly. For your dog's sake switch their food; you can do a lot better than chain-store foods!"
310089,B008EM51FA,AHNKB7F047HXG,"Thoughtfox ""thoughtfox""",2,2,3,1323734400,"Very spicy, strong ginger flavor","The product came as advertised. For the amount you get, the price is right, but the taste of the ginger is stronger than I expected. In fact, it's actually very, very spicy; it burns my tongue and throat, but not as if I were eating hot salsa. Will try using more water, to dilute the flavor."
560247,B002UT92EY,A1HYSH50FI69OG,Jamie Harman,4,4,5,1306195200,Very pleased,"I switched my 3 cats to Blue Buffalo last fall. Initially they were on indoor health.  When one of my cats was diagnosed with diabetes (which I believe started before the switch to BB), I switched them all to the Wilderness formula.  So far they have all done very well on it. They like the taste and have fewer hairballs. My diabetic cat seems to do well on it so far. The vet of course recommended prescription food that they sell, but after reading the ingredients I was not about to switch him. She knew very little about Blue Buffalo or really any cat foods other than what they sell. I am looking for a local vet who actually knows something about nutrition. In the meantime, I'll do my own research and feed my cats what I think is best for them.<br /><br />I love that I am able to get this from Amazon with free shipping, saving me a trip to my local Pet Smart which is several miles out of town in a very congested shopping area and I always hated having to go there."
442321,B0030HSFW0,A3Q47UEZ836Z69,Aiyun Li,3,10,2,1294099200,Not enough for making 25 Ib of sausages as they claimed.,I did not waste any casing at all. Each package can only make 15 Ib sausages. I have no idea what to do with the extra 10Ib already seasoned meat.
268253,B0040K41MY,A1ROYTFVKXZUY5,E. Smith,1,2,2,1338508800,"I hated it, but Mom loved it.","I thought this cereal was terrible. It has a very odd aftertaste, and to be honest, this is what I would imagine balled up pieces of paper soaked in milk would taste like. Very ""cardboard-like."" It also has that really strange, fake vanilla-like taste that a lot of the ultra-healthy and ""organic"" cereals have. For me, this is just further proof that these ""healthy"" cereals taste awful. I'll stick to the Cheerios and Special K, thanks!<br /><br />That being said, I'm still giving this two stars because my Mom LOVED it. Don't ask me why, because Lord knows I have no idea, but she thought it was great. When I asked her what exactly she liked about it, she state that she enjoyed the taste and the crunchiness. She thought the vanilla flavoring was good, and was surprised that I didn't like it as she felt it was very ""true to taste."" She also liked that it had so many healthy things in it, i.e. flax. She thought that for a ""healthy"" cereal, it was very tasty.<br /><br />I guess all things considered it just depends on your personal taste. I mean, it's food. What one person loves another person dislikes. Like I said, I thought it tasted like rolled up pieces of paper soaked in milk into which someone poured an artificial vanilla flavoring. She, on the other hand, found it tasty, crunchy, satisfying, and overall delicious. To each his own, I suppose. I personally won't be rebuying this one."
152394,B000LKZD4W,A21J68PNBSYJEH,concordenerd,0,0,5,1290988800,A Vegan must have,"I have bought two boxes of these now and love them.  My first box came from a local health food store and the second came from Amazon.  Yum Yum.  As a Vegan I never heard of these, but I have seen them on the shelf at my local health food store.  So one day I bought two packs.  I loved them.  Went back and bought the rest of the box.  That store could not get them in fast enough so I bought from Amazon.  I really like them.  The lime flavor is the one that I have tried.  I will try the other flavors soon."
268325,B0040K41MY,A2VJJ2POCLMED7,"Marshall Carter ""Ornery Gamer, Fiend Club Member""",0,0,3,1341187200,"Good-tasting cereal, but not quite as healthy as advertised...","To start, let's just get the fact that I like the Nature's Path Crunchy Vanilla surprise out of the way. It's good stuff and I finished the box off a good bit more quickly than I did with the last few boxes (other cereals). It has a sweet, light vanilla taste that actually had me looking forward to breakfast, and that's a good thing (I very often skip the meal, and that does me no favors). I know some say that it's way too  sweet for them, but if your idea of what a breakfast cereal ought to be isn't a bowl full of unsweetened nuts and twigs, this isn't all that terribly sweet. Slice up half a banana and go to town...as far as cereals go, it's a satisfying breakfast (or snack). Kids would likely be a fan of this cereal as well, so there's a bonus.<br /><br />Now, now that I've got how it tastes out of the way, Nature's Path loses a star on the nutrition side of things. Yes, this is a gluten-free cereal that could prove to be a great alternative for this with gluten sensitivity. It's also organic, so you know that the crops that went into making this were grown without pesticides, chemical fertilizers, etc. Unfortunately, organic and gluten-free does not amount to being healthy. There's not much fiber here (3g) and it's an unfortified cereal, so there's also a lot of vitamins that you're missing here. The serving size is also rather small, making the 7g of sugar start to loom a bit more menacingly. 7g isn't too awful, but if you're eating twice the serving size (and I have to admit, that's what I did), then 14g is a whole lot worse.<br /><br />All-in-all, Nature's Path Crunch Vanilla Sunrise is a good-tasting, kid-friendly cereal that's ultimately not as healthy as its marketing would seem to imply. While there are definitely less healthy options out there, this isn't quite the healthy breakfast option you were looking for."
128227,B00014IVPQ,A32OCSEI333CQ6,Kbirds1,0,0,5,1337212800,garden of life extra virgin coconut oil,"I started taking garden of life extra virgin coconut oil and was extreamly impressed.The product arrived quickly,packaged well.The taste and consistency is superior.I accidentally ordered another brand and it did not come close to this product.This is well worth the money.It is great to cook with,love it on my skin and had the delightful surprise of losing 5 pounds and curbing my appetite!I just ordered another because I do not want to run out.Highly recommend."
442314,B0030HSFW0,A1NQKWS81ENDTV,Hopels,0,0,5,1337385600,Gross but cool,"Our son only eats hot dogs some thought we would try making some.  We used a frankfurter recipe and ground chicken.  These casings, while gross, are easy to untangle, clean, and feed onto the machine.<br /><br />After cooking they tasted delicious and didn't get gummy or gross like the gelatin type.  If you can get past what they are (pig intestines) they really work well!  Would recommend a smaller size for hot dogs."
540245,B0006SDRRE,AR664MXOTQ9ZQ,James J. O'connell,0,0,4,1231891200,Delicious Market Spice Tea,I used to get this Tea when I lived in Washington State and missed it.  A niece told me it was available at Amazon.  It is every bit as good as I remember!!  Great offering.  Thanks.
540276,B0006SDRRE,A3RSRXTG03490K,"A.J. Intom ""Art""",1,2,4,1251417600,"Good product, good price","Good product, fair price but the fact that<br />Amazon was offering free shipping on all of ""their"" grocery products on the MarketSpice page was very misleading.  I thought I was getting free shipping on my purchase and that was not the case."
79776,B001IZM92S,A2MJKGTVJYFLJN,NoCalGal,1,1,5,1334880000,crispy and yummy,"These are not the slightly moist, pliable dried apples you're probably used to. They are crisp, but still easily eaten straight from the bag, which is how most of mine are eaten. I do add them [along with raisins or dried figs] while cooking oatmeal and they are great that way, too."
88628,B000PMJLJO,A3AU8SF9IMRUXK,paul amascato,0,0,1,1307664000,2 more rotted beef steak in a carton,Over and over again I keep finding rotten or stinking beef steak in each carton . The quality control is very poor at Jack Link's
549819,B004779XNW,A1M746SSW4JJXM,Susan R. Payne,0,2,3,1303862400,OK - BUT NOT A WINNER IN ROBUST FLAVOR,"The ""experts"" say that the k-cup method of making coffee is wonderful for its ease and quickness and makes a very nice brew for those that like favored and/or medium roast coffee, but is not capable of making a robust cup for those that like their brew powerful!! I would have to agree!! I have tried just about every dark roast, french roast, italian roast coffee sold by Amazon and the only one that comes close to robust, in my opinion, is Coffee People's ""Wake-Up Call"". ""Dark Magic"" has a sweetness to it, which is not to my taste. Overall, OK, but not a winner in robust flavor!!"
310135,B008EM51FA,A29COTPT4EJ643,C. Arritt,1,2,5,1327104000,Delicious!,"Awesome! I had this tea years ago and was thrilled to find it! I share it with everyone! It's good for you, too!"
310133,B008EM51FA,A2MA5O4ZFVNP2,Coco Shops,1,2,5,1345420800,Husband loves this stuff,My husband gave up coffee and drinks this daily.  It's 3 times the price at the local healthfood store.  Wish it was subscribe and save.  My husband doesn't tell my he is out until he is totally out.  Luckily it arrives 2 days after ordered.
501064,B000YVGMZW,AH8924TCKHW48,"cookwarejunkie ""cookwarejunkie""",7,7,2,1301356800,Not what is was and almost twice the price as before!!!,I've been ordering this for years. The first shipments were amazing. The most wonderful taste and moist and flavorful. The first order I think was in the low $20's for 24 cans. Now it's almost double. The last shipment was dry and hard and not at all the same as the wonderful tuna I used to get. I won't order this again as it's not the same product it once was. I just looked at the can and it said Thailand too. No thanks!
152364,B000LKZD4W,A4BFZ3L1WC21W,C. Miller,2,3,4,1264032000,"Hard to open and messy, but good..........","This is the only veggie jerquee my local grocery store carries and is a good substitute for when I don't feel like ordering my favorite(stonewalls) online.<br />I like the flavor and the texture but I always need scissors to open the package and I hate the thought of my germy scissors touching my food.<br />Once you finally open it, it's hard to really get a good bite because it is very stringy and full of sauce, you usually end up with half the product in one bite just so you don't get sauce all over your hands and mouth.<br />I often get it stuck in my teeth too, which is annoying when I'm at work without dental floss.<br />I think they are redesigning the package so hopefully it will be easier to eat soon. They could work on the price too, $1.29 at the store for 2 bites is a bit ridiculous!"
165632,B001QE7J2G,A2R7DD4FKR60IS,"Casey Fitzgerald ""pine corner hippie""",1,1,5,1204416000,Canidae dog food,"We have some of the smallest chihuahuas and a larger outdoor dog, and both sizes can eat it easily.  The dogs like it, and they seem to know when it arrives.  The only problem I have is that it takes about a week to get here, and I need to remember to order early."
442289,B0030HSFW0,A15ZS7YGJ46S61,"K. Denson ""Chicken Pot Pie""",2,2,5,1346889600,Great casings to work with,"These casings weren't bad.  I generally buy from my local butcher but they were out, so these were what I bought. To work with, they weren't too terrible.  The ones from my butcher are a bit easier to handle, but, then again the ones I get from them aren't packed in a ton of salt either.<br /><br />Oh yeah speaking of the salt, make sure you really rinse these bad boys well.  On the package it says soak for 30 minutes, but at 30 minutes these weren't ready. I let soak an hour in tepid water, changing the water twice.  The runs are quite long, which I appreciated.  The day I used them I made 10lbs of chicken sausage.<br /><br />FYI, for those who use collagen: I started out on collagen because it was just easier to work with.  I gradually moved to natural because of the taste (they do taste better after cooking!) So while I did have to learn to use a more delicate hand with natural, for me it was worth learning.  So there's a tradeoff that each cook has to decide on.<br /><br />And out of all the sausage I made, I only had 2 major breaches.  In my book, thats not exactly terrible, because shit happens.  I would buy these again in a heartbeat."
152351,B000LKZD4W,A1FNCMOQ86GPHY,"Jennifer Ashcroft ""Jenni Ashcroft""",1,1,5,1268956800,Great snack for on the go moms!,I loved this!  I am a vegetarian and a mom that loves to have something in her purse for weak moments!  This totally fits the bill.  I looked on the Primal Spirit website before ordering to see the differences in nutritional content between all of the flavors and I was surprised that there was quite a difference.  I ended up choosing the Texas Barbecue because it equaled 2 Weight Watchers points and was the lowest in calories.  They are definitely pricey but in my mind totally worth it.  A lot come in a box and they are a great snack to carry with you!
268359,B0040K41MY,A2E7RX6AFUDQEX,Elizabeth Finlay,0,0,5,1339459200,"Nummy, nummy, nummy!","I ***LOVE*** this cereal!....and I really don't even like cereal.<br /><br />There is no overpowering taste; it is sweet, but not overly sweet or sugary-sweet tasting like many/most sugar cereals, but it has that ""naturally sweet"" kind of taste. I've allowed two of my gluten-free friends to try it and neither have complained or had issues with it (one is borderline celiac). Anyone can enjoy it (including me: she who doesn't like cereal and who is not gluten intolerant).<br /><br />There is a nice crunch and when eaten with soy (plain soy) milk, there is a nice balance and it just has that perfect crunch....except if you forget about it for several minutes, then it becomes soft - but not soggy. I couldn't seem to stop myself from eating it. There is a bit of a variety of texture because of the multi-grains and shapes/tastes of the cereal itself (i.e. it isn't just flakes or ""balls"" of one kind of grain). I think that is why it tastes so great is because of the combination of what is inside, the mix...the perfect mix of flavours (along with the use of soy milk instead of cow's milk) that makes it a great cereal one doesn't want to stop eating. Seriously: if I didn't exercise self-control, I would have eaten through the whole box in one (maybe two days)....and that is saying something coming from me."
549758,B004779XNW,A2J8JNUL2X64VT,Roy V. Maskell,0,0,5,1311292800,Bold and Manly!!!,Great tasting coffee! I like my brew strong and full of flavor and this definetly fits the bill! A consistently good cup of coffee every time.
233171,B007TJGZ4A,A11MYV2EDD6VH5,gchao,0,0,5,1328313600,Delicious hazelnut aroma!,"I love Gloria Jean coffee and their hazelnut K-cups do not disappoint. The aroma smells mouthwatering as it's brewing and the strength is just right. I do have to admit that hazelnut coffee tends to be on the light side of coffee strength so strong coffee drinkers beware! I always use the medium cup setting on the Keurig B60 special edition so if you want it stronger, use the smallest cup setting. At $0.60 per cup, this is easily the best value for coffee, especially if you're drinking a mug everyday like me."
501082,B000YVGMZW,A37CENQP0ZNKVE,"sailor ""sailor hill""",5,6,3,1284508800,"NOT MADE IN ITALY, IT'S MADE IN THAILAND!","First off...the false advertisement states 'made in Italy'...this product is """"""MADE IN THAILAND!""""""  Shame on you, Amazon, for not changing the description when others have posted this same concern in their reviews. I should have listened to the reviewers but thought by now Amazon would have fixed the error!  Instead of Mediterranean Tuna we are buying Tuna that hasn't seen the Mediterranean Sea but instead the South Sea.  I am very curious as to how this changes the toxic, heavy metal counts as Italy has a high ethic standard to packaging food with the Made In Italy statement vs other countries...Thailand for one.<br /><br />As for the taste, it's tuna packed in olive oil which, to me, tastes better than water-packed.  I've never bought it pre-Thailand (actually Made in Italy)so can't compare if it's changed.  It's a good tuna, my cats love it, and I will use it...but will be very concerned how many contaminants I'm eating along with the seafood :(<br /><br />Just be aware of what you are buying BEFORE you order this if it makes a difference to you!<br /><br />ETA:  THANK YOU, AMAZON, FOR ADDING 'MADE IN THAILAND' in the description!<br /><br />After quite a few cans of this tuna, it is still good tasting and a perfect individual size."
128247,B00014IVPQ,AAEVX310VOILE,Teresa Brown,2,4,5,1198972800,Awesome,This product is highly recommended.  This is a better alternative than regular cooking oils.  It is healthy and good for the body.
152310,B000LKZD4W,A20PBV0WIM4KBM,iyc_nyc,0,4,2,1269648000,Doesn't feel like food,"This is a good idea in theory, especially for those like me that prefer healthy salty snacks. Unfortunately, as much as I wanted to like these, they didn't taste like food - hard to describe, but the 'primal' branding doesn't help as I did feel like I was eating something I wasn't supposed to.<br /><br />While the first one I tried was novel, I easily tired of them and then plain got grossed out by them. I won't be getting these again."
549665,B004779XNW,A3FQ0K724SUWNY,"S. Gray ""picture framer""",0,0,2,1340064000,It is Extra Bold and Extra Acidic,"I love bold, robust coffee and decided to purchase Green Mountain Dark Magic k-cups. Definitely a bold coffee, but so acidic it's not enjoyable. Severely disappointed in this coffee. Am trying other brands but because of this experience trying to steer clear of all coffees distributed by Green Mountain; and that's a shame because they offer so many choices. Money is too hard to come by to blow it on coffee you can't drink!"
79798,B001IZM92S,A2WQGJWAW1DILE,Sigmon,0,0,5,1342656000,CAUTION,"These apples should come with a warning -""Addictive"". They are very crisp (not chewy like air dried apples) with a tart/sweet taste and as impossible to put down as a bag of potato chips. Fortunately, they are just Fuji apples with no flavorings, chemicals or preservatives added. My kids are nuts for them and they are great for school lunch. A no-guilt healthy snack and they are good with fruit dips. Have not tried to reconstitute them to cook with yet but planning on trying them in fried apple pies like my grandmother made with air dried apples. Have been through several packs and have not found any with the musty taste mentioned in other reviews. They MUST stay in the mylar bag to stay fresh. Will be ordering a lot of these apples."
165617,B001QE7J2G,A8KKVKZU3LK4Y,Chelsea Fox,1,1,5,1316304000,Canidae Dry Dog Food,"This is a great product. It is very healthy for all of our dogs, and it is the first food that they all love to eat. It helped my older dog lose weight and my 10 year old lab gain the weight he needed to be healthy."
310088,B008EM51FA,A1OFA48GFOIM3Q,Mecca,2,2,5,1332720000,Ginger crystals,"I am so addicted to the ginger crystals. The health foodr store in my neigborhood discontiued this product. I was so thrilled to find the exact item, and a better quality online. The ginger in the online version is alot stronger than the crystals that I purchased. I like to blend it with a nice berry tea or I will add lemon and a little tequila when I have a cold."
310082,B008EM51FA,A2MJ5OOE0CNFQY,RJ,2,2,5,1344729600,Ginger is your friend,"I needed to find a coffee substitute for my husband.  Tried herbal teas, he said it tasted like he was licking a flower pot. I tried the Ginger Honey drink in his Thermos and he enjoyed it! The drink has enough ""punch"" in its flavor and the ginger is helping with inflammation and digestion. Good solution and it's easy to prepare-even he can boil water!"
152381,B000LKZD4W,A25T49CJ2PAEZH,Captain Action,0,0,4,1328659200,Spirited Jerky Product,"The package arrived promptly and all contents in excellent condition. The product is very tasty, though it is a slight bit too peppery for my taste. I have tried all their varieties, and I like this one and Texas BBQ best. The mesquite is also good, and much milder. They have the texture just right--you wouldn't know it wasn't meat if it were a blind taste test. It is a little wet as a jerky, which makes it a tad messy. Each packet contains a whopping 10 grams of protein! A lot of nutrition in a small, lightweight packet. Ideal for camping, keeping in the car glovebox,in a briefcase or bag, etc. for those times when you need a boost. But for the pepper, I would have given 5 stars, so I rate this 4 stars. Enjoy!"
501107,B000YVGMZW,A1YOFGROWARS5B,Vermifrax,0,0,5,1350432000,Best Canned Tuna I Have Ever Had!!!,Used to get this by the case at Costco and they stopped selling it.<br />Always loved it and still do.<br />When I saw this on subscribe and save I bought it immediately and have been ever since.<br />Genova simply makes the best light tuna in olive oil; and I've tried many brands.<br />Enjoy!
128167,B00014IVPQ,A1MDZ8JVNKEMZC,RSGB,0,17,1,1336608000,Extra Virgin Coconut Oil,The Garden of LIfe Extra Virgin Coconut Oil is very thick. When mixed with hot tea or coffee it makes the beverage to thick drink.
165554,B001QE7J2G,A1GEMT7FSFKPDD,"P. Dreyer ""Book Lover""",19,20,5,1148342400,Another satisfied pet owner,"We've had dogs and cats for years and always fed them Science Diet or Iams.  Our newest dog was an itcher and after research, I decided to try a new dog food.  I settled on Canidae for the same reason as the other reviewers; top notch ingredients at a reasonable price.<br /><br />She loves it.  I alternate dry with dry/wet every other day.  And, best of all, no more itching or hot spots.  Vet believes that she was allergic to corn products in Iams; a common allergy for dogs.<br /><br />And the added benefits are about the poop; less poop to pick up, poop is solid, not runny, and like the other reviewer said, the poop is way less smelly."
215438,B0014X5O1C,A140XH16IKR4B0,Jean E. Pouliot,5,12,1,1208995200,"Can you say ""generic orange soda""?","One of the flavor memories of my 1960s childhood that evinces the least nostalgia is that of stale orange ""tonic"" (as we called it in New England) bought from the local Bradlees or Ferretti's discount super markets. The only more heinous flavor was grape soda -- a chemical brew so noxious that it burned going down (we thought this was normal) and left an acid-stripped sheen on the teeth.<br /><br />But now, this taste sensation is back, in the form of Izze's ""all natural"" sparkling juice. ""All natural"" is the sort of 21st century newspeak terms that hides more than it reveals. To my hippy-dippy mind, all natural means orange juice (even if from a concentrate) plus some pure spring water gently infused with natural CO2 and bottled by hand by pure, cotton sundressed nymphs. It does not have (as does this concoction) *fourteen* ingredients, including ""natural flavor"" (what, sulfuric acid?), glycerol ester of rosin, or pyridoxine hydrochloride, even if this is supposedly vitamin B12.<br /><br />I now have a case of this stuff in my house. Thanks for the memories, Amazon Vine!"
268269,B0040K41MY,A3FHDBBXZFNQUK,JK8,0,2,5,1338163200,I Enjoyed Eating This Cereal,"I really enjoyed this cereal.  It has crispy flakes, seeds, puffs and other textures that make a nice combination.  One thing I especially appreciated was that the vanilla flavor was not overdone.  Other cereals say vanilla and then it is too much vanilla.  This vanilla was just right.  Another thing I appreciated was that the cereal is not hard on my teeth.  Some granola-type cereals are so crunchy and hard that I hurt my teeth.  This was the perfect texture. I recommend this product and will purchase it again."
165966,B0009F3SA0,A2PF8J6OGH605Y,Teresa Kauffman,1,3,5,1247529600,A plus seller,"wxcellent seller,great communiccation and speedy delivery of ordered product.<a href=""http://www.amazon.com/gp/product/B0009F3SA0"">Yogi Tea Calm, Bedtime, Tea Bags, 16-Count Boxes (Pack of 6)</a>"
88674,B000PMJLJO,ALJN039DSSX5E,"H. Shin ""Hyundae""",2,4,1,1186704000,Try it in strip form and from somewhere else,"I usually buy the Sweet&Hot jerky strips at Walmart and love the taste. I decided to try the 2oz stick from Amazon and was disappointed for 3 reasons:<br /><br />1. They came with expiration date only 48 days away. I've bought a couple of grocery items from amazon and this seems to be a common pattern. I've also read reviews complaining about the expiration issue on other Amazon grocery products. I love shopping from Amazon, but this reason alone may stop me from buying perishables from them again.<br /><br />2. These sticks are not nearly as soft in texture as the strips. Maybe it's because it's almost reached its expiration date?<br /><br />3. The flavor is not exactly the same as the strips. It tastes more or less the same as regular beef jerky. A bit of hot (as most jerkies are), but not much sweet. Again, is age a factor?<br /><br />I've tried many brands and flavors, and Jack Link's Sweet&Hot is by far my favorite. Get it in strips.. and get it from you local grocer."
560276,B002UT92EY,A2WVFAQUUWB94K,Dennis Comeau,0,0,5,1335657600,The cats eat less,"It's true what they say about the super high protein food.  Without all the grain fillers, the cats don't need to eat as much to be satiated and to get the energy they need.  This food is more expensive, but it lasts a lot longer than the junk they sell in most stores.  And I've definitely noticed an increase in energy level in one of my cats.  I'm convinced this is a better quality nutrition and worth the extra money.  We've been feeding them this for the last year and I don't expect I'll ever switch to anything else."
442270,B0030HSFW0,A3SJMH1O7LMW9I,Alex S.,10,10,3,1320883200,Overpriced,"These casings are way overpriced, you can get similar ones for almost half the price, just google hog casings 8 oz."
165903,B0009F3SA0,A2F6Z7S0NU98BO,Nomad,7,7,5,1162512000,Very effective sleep aid,I highly recomend this product to those who are able to use herbal treatments. It helped me greatly in getting a more sound sleep.
88664,B000PMJLJO,A1Z6OII9ZI2IF3,"B. Howard ""humankind watcher""",0,0,3,1226880000,A little dry,"I love the Jack Link products, but this a bit on the dry side and not much of a BBQ taste."
215495,B0014X5O1C,A93B4YN4BD3UK,"Elizabeth Whitmire ""technophile, pet lover, &...",0,0,4,1280620800,"Orangey, fizzy, great taste :)","I should have noticed the size of the cans when I was ordering, but I was assuming they were at least 12 oz. So I was a surprised by the small amount you get in each can. I should have been more careful. Other than my carelessness, I'm happy with this product. But I wish I could find this in a larger per unit size."
268347,B0040K41MY,A2SLX6UHHYCMCV,"M. Cordoba ""mxc""",0,0,3,1340150400,Identity Crisis,"Crunchy Vanilla Sunrise is quite a name to live up to. Unfortunately, it fails to live up to the high standards set by branding (and really, most any name). Given the name and a glance at the picture I was expecting some cereal that had granola type chunks mixed in with other stuff, but a heads up to others that might be confused - it does not contain anything resembling granola. It also tastes almost nothing like vanilla, mainly like sweet corn puffs.<br /><br />I am not taking any stars for my own confusion, as I eat lots of different types of cereals. (grapenuts are great (not sweet), but so are Reeses' pb puffs (very sweet). The main problem with this cereal seems to be the target audience, its trying to please the sugar lovers, and the health conscious people at the same time, and that's a hard target audience.<br /><br />The positives:<br />- lives up to the crunchy name<br />- Has decent quality ingredients (especially compared to the vast amounts of junk out there)<br />- Organic and Glutten free<br />- Big kids might like it, (but hard to see them dropping an even sweeter cereal for this one)<br /><br />The negatives:<br />- Lots of sugar (both cane juice - second right behind corn - and molasses) you can taste it<br />- Brings me back to the basic concept - a healthy cereal - but it's  basically organic corn puffs with cane juice and brown rice flour - which are at the low end of whole grains, and comes with just 3g of fiber. Basically the healthier ingredients are sprinkled in. A bit of quinoa, a bit of flax.<br /><br />So basically, if you get your kid to replace Corn Puffs with this, they'll be a bit better off.<br /><br />Yeah, this cereal suffers from an identity crisis. It's not healthy enough for health conscious, and its not marketed or inexpensive enough for a wider audience. Call them glorified corn puffs."
501070,B000YVGMZW,A3UY6HZBM3NOT6,"David Wess ""I have listened to over 500 books...",5,5,5,1259366400,"Genova Tuna - excellent product, free shipping seals the deal","If you like tuna in oil, you will enjoy this product. Excellent taste, appearance and texture. Keep in mind that not all 'tuna in oil' is in olive oil - this one is. It is sooooo good that many folks will not need to add mayonnaise, thereby saving calories. Free Prime shipping was enough to seal the deal, as this item is heavy. Shipping from Peapod would have cost almost as much as the tuna. Delivered Amazon cost was only about $1.00 per can. We supply lunch to our employess - even if each person eats two cans, this is a bargain compared to the local deli, which charges around $7.00 for a sandwich. All considered, this is a winner and we have reordered several times."
215491,B0014X5O1C,AJCK6OKNWGIYG,Mike K,0,0,5,1296000000,IZZE = Yummy,"I buy IZZE when it's on sale on Amazon. It's 70% fruit juice and 30% water - that's it. No added ingredients that you can't pronounce, none of that corn syrup stuff that everyone is scared about and no added sugar. It's a great healthy alternative to sodas. This clementine flavor is very good. It has a nice orange taste and is very refreshing."
540230,B0006SDRRE,A19574CIJIV2DL,"Jennifer J. King ""jkincolorado""",0,0,5,1286064000,Spicy and different!,Tried this product as iced tea in a restaurant in Washington state.  Loved the spicy/sweet flavor - very different and yummy!!
215427,B0014X5O1C,A1D6PWUMDY9F7V,"Michael DENNISUK ""cc coach""",1,2,5,1209340800,Sparkling!!,"I have really enjoyed this product. It's like OJ with a kick. It has a clear, fresh taste. It is a great thirst quencher. Izze satisfies that soda craving. This great stuff. I am anxious to try the other flavors."
268292,B0040K41MY,A34DQINHT6NYJU,"K. Isserman ""Kisserman""",1,1,1,1338422400,Not Very Good Taste,"I eat cereal every day and always look for different varieties which are low fat and with new flavors so I was excited to get these. First Amazon does not ship dry packaged goods well. This is one of several boxes of food that has arrived at my house either crushed or in crumbs. After getting beyond the look, the flavor left a bitter after taste. I enjoy vanilla, but I suspect that the extract in the cereal created this effect. The cereal itself includes flakes, rice crisps and puffs-too much going on for one cereal. The manufacturer needs to stick with one look and perfect that.<br /><br />All in all I would not recommend this cereal. There are better ones out there and for less money too."
501108,B000YVGMZW,A1ZBEDKE0E2L27,"N. Sun ""nxs4ever@hotmail.com""",0,0,2,1347926400,"Used to be excellent product, now watered down, I'll tell you why","Having worked in the canned seafood industry, I sampled this product at work for consistency, quality, and taste. It was EXCELLENT back in 2007. I soon relied on this product for lunch (with Ritz crackers, Genova Tonno was very, very good) and also sometimes for snacks. I'd buy them in bulk here on Amazon at reasonable prices.<br /><br />Having worked with canned tuna, I can tell you the prices of the ""commodity"" have gone way up across the board for light tuna (e.g. skipjack) and white tuna (e.g. albacore). This is due to increased fishing cost and decreased supply of fish. As sad of an issue as overfishing due to the trawling methods, the reality is we're seeing this reflected in the cost and quality of various seafood products, most notably via the traditional 6oz cans being downsized to 5oz first by Starkist followed by other shelf stable seafood manufacturers.<br /><br />So this Genova Tonno product USED TO BE chunks of tuna in extra virgin olive oil with a nice balanced amount of salt. However, this product is now watery chunky tuna that has a bit of olive oil in it. And in case you didn't know, Genova is owned by Chicken of the Sea, who is actually owned by a Thai based company called Thai Union, which has its own packing facilities in Thailand. THIS IS NOT ITALIAN TUNA, do not let the name fool you. It is Italian-style, and like most of Chicken of the Sea products, Genova Tonno is packed in Thailand. Genova products are still very good and of a decent quality, but it just is not what it used to be because of the rising costs.<br /><br />Given the higher prices of this product, I no longer recommend this due to the $2+ per 3oz can price tag. This used to make for a relatively healthy, affordable and delicious lunch or snack, but it is now not a very good value. I recommend other alternatives (skip the pre-made canned tuna spread, it's got too much mayo and salt in it). Or consider making your own Tonno/olive oil tuna. Just try and look for ""natural"" tuna if you can since trusted brands' old fashioned canned tuna in water contains vegetable broth/hydrolized protein that is injected to allow the fish to soak up more water (industry's dirty little secret). There are plenty of fast and easy to prepare tuna/salmon options online if you look close hard enough on Amazon..."
560262,B002UT92EY,AKKERGCWGYGNA,Reviewer2012,1,1,5,1327190400,Cat Food,"I recently switched my cat Charlie (a little under a year) to this stuff from another type of Blue Buffalo dry food. He is not clawing his way to the food, but he took to it just fine. His coat is soft and shiny and he rarely gets gas. I can't say his business smells any more pleasant, but I doubt there is any food to take care of that bit. I feel better feeding him this stuff, knowing that it is much better for him. He has a ton of energy (sometimes a bit too much) and seems to be a happy and healthy little fellow."
233174,B007TJGZ4A,A3RSWDQJ9B479Z,J. Zapata,0,0,4,1326931200,Love it,If you like hazelnut then you will love this flavor.  Does not taste artificial to me at all.  I use the 7-8 ounce setting and I add vanilla creamer which turns it into vanilla nut.  Yummy!  It is a light roast but full of hazelnut flavor.
79844,B001IZM92S,A348P7NXYNQB1M,P. Jenkins,0,0,5,1257811200,These are delicious!,"I've never had crunchy dried apples before but these are now one of my favorite snacks. They are very satisfying, crunchy and sweet."
165924,B0009F3SA0,A1XCYOL3PTDKWS,sobolol,1,1,4,1298937600,Good tea,"It's a very good tasting tea if you like licorice, that flavor is among the more potent flavors, in my opinion."
165578,B001QE7J2G,AHZ5QTHKRWCDH,PhilHarmonicOrchestra,4,4,5,1162684800,A great quality food at a great price!,"My dogs are in love with Canidae Maintenance Formula for All Life Stages, and so am I.  Just look at the ingredient list and it's easy to see why.  You'll find lots of chicken, turkey, lamb, rice, and all sorts of other good stuff.  Unlike a lot of subpar dog foods, there is no corn!  Plus, my dogs love its taste, and it's a great value for the quality of this food.  I'd recommend it to any dog owner."
268236,B0040K41MY,A1CP75N61T0ZYY,Baazumi,0,0,2,1338595200,Flavorful but Full of Sugar,"Nature's Path Crunchy Vanilla Sunrise might be a ""warm and delicious gluten free breakfast cereal"" but the first ingredient is organic whole grain corn meal, in other words, sugar, the second ingredient is evaporated can juice (more sugar) the third ingredient, organic brown rice flour which is fine, and the fourth  ingredient, yellow corn flour (more sugar again). Ingredients after that get more healthy.<br /><br />So while the product may be ""gluten free"" it's loaded with sugar - you won't have side effects if your gluten intolerant, but you may end up on the ceiling if you don't handle sugar well."
549707,B004779XNW,AW7JSI0YNMD7Q,dalova1@rocketmail.com,0,0,5,1325116800,Great Tasting Coffee,"I bought this for my hubby, he loves dark rich coffee & Dark Magic offers it. Great convenience of the Kcup makes it that much nicer."
152408,B000LKZD4W,A1VIECOHRHHA3P,"David J. Hanley ""ctchrinthry""",0,0,4,1241827200,"Nice taste, pretty healthy","This is a pretty good snack food.  I don't miss meat, but i do miss the seasonings put on it.  This is very tasty and has a nice texture.  A packet is 4 servings, and 100 calories per serving, pretty much equal protein and carbs, so it's a high protein food for most people.<br /><br />Problems: the inner packaging isn't that easy to deal with, a knife is needed to cut it open.  So not a great on-the-go food.  Also, there is not a lot of volume for the 400 calories, so it's not a good food if you are watching your weight."
88634,B000PMJLJO,A1HOW3RL7Y93BT,LLeangelaC,0,0,5,1292198400,Best Jerky / Beef Steak! Best to buy it from Amazon!!,"I have not yet purchased this product FROM amazon, BUT as soon as my box from the Jack Link's Site is gone I will forever buy it from Amazon alone! This (Jack Link's ORINGINAL Beef Steak) is my absolute FAVORITE jerky and has been for years! I've spent way to much time and gas looking for it at near-by stores only to be disapointed and settling for either Jack Link's other products or O'Boy Oberto which are both fine, but for me it does NOTHING for my beef jerky cravings! It is true it is quite salty but what good beef jerky isn't???? My husband a fitness/gym nut LOVES this jerky as well as the high protein content! I also LOVE the extremly low fat content as I cannot stand chewing on leather or fat that never chews away! This product is not only healthy (aside from salt), filling, great tasting, and a great snack thats easy to eat it is also CHEAP! At least in my perspective! On Amazon it is an amazing $10.00+ cheaper (when including shipping cost) than the same box from the Jack Link's website(kicking myself in the butt for that)! I will absolutely be setting up auto shipping for this product!"
233292,B007TJGZ4A,A3TAJJ1AE6DB1Z,A. Bracke,0,0,5,1270512000,Fabulous!,My husband loves this coffee--thinks it's the best hazelnut we've tried.  I love the price!
560243,B002UT92EY,A3V9GPA2E18A7P,"A. G. S. ""artist""",6,6,5,1289952000,Improved my cat's health,"One of my two cats prefers to eat dry cat food, and so many of the foods on the market have a ton of fillers. I'd grown increasingly worried that she wasn't getting enough of what she needed in her diet, especially now as a senior cat. I switched to this food several months ago. She loves it, and her health has noticeably improved! Her coat has thickened up, she doesn't have itchy skin like she used to. Her arthritis isn't bothering her as much either. I'm very glad I switched to this dry cat food."
79779,B001IZM92S,A19F0MULR1FMPK,Eileen Mary,1,1,5,1326326400,A miracle!,"I bought a 5 oz bag of Bare Fruit Fuji dried apples a couple years ago, I don't remember where, for a ridiculous price.  Still, I went back for more because they are soooooo good.  Gone.  ""We don't carry them anymore.""  Rats.  Checked other stores.  Nope.  Finally found them at Sprouts, price not so awful, but still pretty high even on sale.  Enter Amazon.  Just thought I'd check out organic & gourmet foods here.  BINGO!!!  Same apples, in huge 1 lb bags.  Absolutely love them.  I'm sitting here munching on them right now.  Just as addictive as potato chips, twice as tasty, and healthier.  Yea!  I may have to subscribe to Prime so I can order them as often as I need to and not run out.  LOL!"
233186,B007TJGZ4A,A1046G0JGGJHGK,Debbie,0,0,5,1322870400,Yummy!  Hughly recommend!,"Gloria Jean's is a definate favorite around our house.  It is difficult to find it for the price on Amazon and assured delivery.  I am pleased recommend such a wonderful, tasty coffee treat!"
310109,B008EM51FA,AG4LBEYRCWT9S,RumPunch,0,0,5,1349136000,YOU NEED THIS TEA!,"This tea is awesome! Authentic Ginger flavor. Certainly clears the sinuses.  If you like the stimulating, fresh flavor and aroma of Ginger, then this tea will please you.  Additionally, I don't have to add any sugar or other sweetener. Also, there are no tea bags to deal with as the crystals dissolve rapidly for the perfect cup.  I like it cold too.  I also add less water than recommended for an even more robust flavor.  I like it strong!"
79804,B001IZM92S,A3BUPVJBXX65OC,rockconstruction,0,0,5,1337385600,Best apple chips ever,These dried apple chips are both great tasting and a super texture!  The price is also the best I have found for any similar product.
442319,B0030HSFW0,AGDZUVPJ2LUPM,Sam Womack,0,1,3,1346976000,Hog Casings,A bit hard to work with - probably would habe been easier If I had read the inswtructions better. But----------
215470,B0014X5O1C,A1WBEIH7Z37LN9,"MagicSkip ""magicskip""",1,1,4,1208995200,"Good, but just a touch on the bitter side","First, I have to say that I really like drinking the sparking flavored sweetened zero calorie water drinks that I've only seen as store brands -- even though they don't have a ""name"", you know which ones I mean: Wal-Mart and most grocery stores have their own brand of the same thing.  Like flavored seltzer water, but diet-sweetened.<br /><br />Given that, you can probably tell that I was excited to try Izze.  It's sparkling juice, all natural, no sweeteners.  What's not to like?  Well it tastes like exactly that -- 30% seltzer water with 70% juice.  And it's good!  In the can, though, it tastes a little bit -- my wife called it ""metallic"" -- so I poured in a cup, but she said it didn't really help.  I think it's just missing the extra sweeteners -- either aspartame or HFCS -- that we all have gotten SO used to.  She gave it 3 stars.  The  college boy also gave it 3 stars, without elaboration.<br /><br />I expected that 8.4 ounce cans would be more of a ""why bother"" size, but they are a surprisingly good serving size for this kind of thing.  On the other hand, the ""vitamin fortified"" is 10% of C, B6, and Niacin.  That really is more of a ""why bother"".<br /><br />Personally, before those store brand ""cherry water"" (that's what we call them) drinks came out, I used to mix OJ and tonic water all the time.  I think Izze tastes a lot like that.  I like it, but I do think the clementine flavor (which I tried) is just a touch on the bitter side -- maybe that's what my wife called ""metallic"".  I would give it 4.5 stars.  Since they were at 3, I'll round down to 4 stars."
79799,B001IZM92S,A285XR4RKWP2SA,M. Lucas,0,0,5,1340841600,BAKED DRIED APPLES,I love these apple chips and eat them every day.  They make a great low calorie snack. I have bought them at Costco when they have them in stock but the Amazon subscription is so easy and about the same price. They arrive automatically every month.  It's a very convenient service.
268321,B0040K41MY,A2BJ9I0BQ1LH5S,guitarchick24,0,0,2,1341878400,"too sugary for a ""healthy"" cereal","I was drawn to this cereal because it is a Nature's Path product.  I<br />enjoy their Flax Plus Multibran Flakes on a daily basis, so I<br />considered a 'crunchy vanilla' variety a welcome change of pace.  Both<br />products are touted as being whole grain, and both were advertised as<br />organic.<br /><br />A visual inspection of Vanilla Sunrise tipped me off to the play.<br />While the multibran flakes are an earthy brown, the sunrise spin is as<br />yellow as, well, the sun.  It seemed weaker in comparison.<br /><br />The first bite of Sunrise sealed the deal.  While Flax plus tastes<br />vaguely of a piece of bread, sunrise tastes like sugar cane.  This<br />might work if I was a kid switching down from Cocoa Puffs, but my<br />adult tongue felt somewhat burned by the sunrise.<br /><br />To their credit, crunchy vanilla sunrise is crunchy (although the flax<br />plus I'm sticking with is also suitably crunchy--without the added<br />sugar.)  Not recommended."
540278,B0006SDRRE,A3OMSY7EHLPBXC,James C. Vest,0,1,4,1198713600,Market Spice Tea Order,"I ordered 2 bags of Spice Tea bags, 50 tea bags in each container.  Only 1 bag was sent.  I paid for 2 bags.  I called and another bag is being sent to correct the order."
549830,B004779XNW,A3G4HK6NKHRKXW,Mary K. Gardner,3,3,5,1307923200,DARK MAGIC COFFEE,I BOUGHT THIS COFFEE FOR MY DAUGHTER. IT IS HER VERY FAVORITE. IT IS THE ONLY COFFEE SHE WILL DRINK.
549826,B004779XNW,A1MW040IF4YPHL,dixiedevil,0,5,2,1301097600,Horrible Deal,"Seeing such great deals here for Green Mountain Coffees, i assumed they would have the best deal on my Dark Magic blend I love. Most of the come in 2 packs with 24 in a pack. but the Dark Magic is clearly the exception. It is way over priced here. I can get an 18 pack in Target for $10, but low and behold over at coffee cow a 24 pack is 12.99 much better deal."
233189,B007TJGZ4A,A83WTS3M5RT0E,barryk1994,0,0,4,1321920000,Smooth flavor,Flavor is smooth without bitter after taste. Easily enjoyed in the morning or the evening. Bulk size is great for family or individuals not wanting to shopping every week.
165930,B0009F3SA0,A2NONRWZITDJV7,"jim ""jim""",1,1,5,1237939200,Good Tea,Even after price increase Amazon still has the best price if you get enough for free shipping.
442295,B0030HSFW0,A1WU978WNS2RN3,dexterity357,2,2,5,1320710400,Great Casings!,"These casings worked really well for me, better than some I purchased at Bass Pro. I soaked them for more than 30 minutes and I also rinsed them 3-4 times. For those having problems with tearing, make sure your casings stay moist and your meat mixture isn't too warm or too runny. Overall, these are great casings and I've ordered more."
310110,B008EM51FA,A14HQUQ3FCH9XT,seebop,0,0,5,1348444800,Great product!!!!!!!,This product is not only great tasting but very soothing effect on the stomach..Really love it hot or cold...Ireally like drinking this product hot after a long and tedious day.Tremendous and would order it again .
310105,B008EM51FA,A1ANEIIIPNM2JP,sylvia Garnette,0,0,5,1350000000,Excellent,This one is excellent. The sachets are 18g and make a nice cup of tea especially as the colder season is approaching
442267,B0030HSFW0,A36MS27KAA5S26,"Katherine Berry ""of &#34;Housewife How To's&#34;""",81,82,4,1279929600,Worked fine but rinse repeatedly before use!,"I'd never stuffed sausage before last week when we decided to make a batch of boudin blanc to take to my mother-in-law. From reading elsewhere, I knew that even if these casings looked clean they should still be rinsed. This not only ensures their cleanliness but helps expand them, too, thus preventing the tears mentioned by another reviewer.<br /><br />The casings should be cleaned after soaking in warm water for 30 minutes. Cleaning is most easily done by inserting the end of a funnel -- or sausage stuffer attachment -- into one end and *slowly* running warm water through the entire length, unraveling and untwisting as needed. This should be performed at least twice.<br /><br />Since we'd known to do that, we had no problems whatsoever with these casings. The boudain turned out wonderfully, and I'm looking forward to making more!"
501060,B000YVGMZW,A33X4485Q0SK9S,Peter J. Lena,13,13,5,1252108800,wonderfull tuna great price,"i have been enjoying genova tuna for more than 40 years! as stores cut back on stock they have chosen to eliminate the small can ( perfect for lunch )of this tuna and only sell the large one.in searching for the small can i found it at a great price and available in a 24 count box at amazon.com .the service was fast and the shipping rate was hard to beat. without a doubt i will be purchasing another case of this great tuna ,from amazon .com"
233222,B007TJGZ4A,A3RVZHF43126SL,James Terhune,0,0,4,1299542400,Gloria Jean's Hazelnut K-Cups,Purchased for my wife who very much enjoys the blend.  The price is right which makes it extra speacial.
501077,B000YVGMZW,A4ZMP91TNARNS,Nicodemo,3,3,5,1283644800,Ref.Where product is made,"Your product reference states that product is made in Italy,whereas shipping carton is marked made in Thailand, will the real country please come forward. By the way I rate this Tuna Five Stars, Best ever at this price."
501089,B000YVGMZW,A1WOMXOEX90ARI,"Avid Camper ""WS""",4,5,3,1275955200,"Would Be Excellent, But For One Thing...","This would be excellent canned tuna except for one thing.  It is TOO SALTY!!!  It is, by far, the best tuna we've had in many decades.  We can't believe how good it is.  Actual big chunks of flavorful tuna accentuated by the subtle, yet present, flavor of the olive oil.  Unbelievably good, but simply much, much too salty!  The saltiness hits your tongue after the exquisite taste of the tuna/olive oil and drowns out that taste.  What was Chicken of the Sea thinking???  Why would they try to ruin an exceptionally excellent product with far too much salt?  Frankly, we are disgusted with the amount of salt the food industry tries to force upon us instead of allowing us to savor the true taste of our food.  (As you know, too much salt is bad for your health, as well.)  This quality product does not deserve to be drowned in salt.  The pop-top cans on this 3-ounce size are a little hard to open, but the nice thing is that there are NO sharp edges left on top or can after opening (unlike most of this style top).  This size serving is a nice addition to a lunch box or to top a salad or rice with.  If you don't mind the salt, this is one excellent product.  We will buy this again, but not in the quantities we would, if it were less salty.  We want to limit our salt intake and this product would be, oh so much, better with less of it.  Hope this helps you decide!"
128195,B00014IVPQ,A3TCFYVPJCO97V,"Rabby ""Bob L""",1,1,5,1318464000,A great product,I like Garden of Life products and this one is excellent. I recommend it to all who are health conscious.
128175,B00014IVPQ,A3A7BX7IGGRNP7,S. Wargo,4,4,5,1295913600,Best Tasting Coconut Oil,"If you care what your coconut oil tastes like, then this is the one to get. Other unrefined coconut oils I tried have a slightly greasy aftertaste. I like that it comes in a glass jar as some people have reported tasting plastic leeching into other oils.<br /><br />This oil tastes like eating coconut candy. It's very light, slightly sweet and not greasy at all."
128228,B00014IVPQ,A3H09M9TFIFPV2,Pooh,0,0,5,1335052800,Good,"This product arrived on time, was tasteful, but don't use in coffee and only use a little.  The flavor packs a punch.  I enjoyed in cooking and a little on toast."
560261,B002UT92EY,A34DOYJ01ACWNH,"Bridget A. Whelan ""Artemis_Moonsong""",1,1,3,1327449600,Tasty but a little TOO tasty,"I bought this because PetSmart were out of Innova at the time.  Normally I buy Innova for senior cats and for weight control and mix them together.  I have a 9 year old skinny kitty and a 6 year old chubby kitty.  I've noticed as soon as I switched to Buffalo Wilderness (mixing Chicken and Weight Control now) their bowls empty significantly faster.  That means they're packing away more calories, which is NOT good for the chubby kitty.  I definitely plan to go back to Innova.  My chubby cat was eating much less (getting fuller faster).<br /><br />Nevertheless, they both do love it.  Must be delicious to little cat taste buds!"
233323,B007TJGZ4A,AM3TB28B5YN5V,Radchogers,1,2,4,1267574400,Coffee nut!,Good product! However I gave it a four because of the loose and generic packaging!
442322,B0030HSFW0,ALRJG4SSLCKRH,Robert K. Doherty,2,9,4,1280966400,Home made sausages,"The product seems to be alright (I have not yet used it. Have it stored in the fridge until I'm ready).  However, I notice that there is no shelf life date on the package and there is no advice as to how I should store the item BEFORE I use it.  It does recommend refrigeration AFTER I open the package.  I would appreciate having had this information prior to purchase."
442303,B0030HSFW0,AAAJ6QQIFI59V,"wojo ""wojo""",1,1,5,1341878400,Superior product!,Eastman casings are the best I've found online. They are cleaner and a superior product to some I have purchased. I will definitely order them again.
560237,B002UT92EY,A16BX5YGVLJEJI,Pip,51,52,5,1284163200,"Hands Down, The BEST Cat Food... Saved my Cat's Life!","I absolutely love this food, and so does my baby, Aphrodite! I absolutely recommend this food with no equivocations!<br /><br />Aphrodite is 9 years old and for the past 2 years, he's been having digestion and kidney problems that grew progressively more severe. About 6 months ago, it got so severe that I was sobbing at the vet trying to decide if we should put him to sleep. At that point, he was vomiting several times a day, had lost 5 lbs, and looked awful. Everything we had tried up to that point had failed.<br /><br />The vet suggested we try one more thing - a series of injections and a bunch of pills - and a switch to high protein wet food. Of course, my baby deserved a last ditch effort and we went ahead with it. After a hefty vet bill and 2 weeks, he actually seemed to be perking up! After another 2 weeks, it seemed that he would pull through. But the prescription food was costing me almost $2 per DAY! I had to find a suitable alternative. So to the internet I went. That's where I first discovered the Wilderness Diet by Blue Buffalo! With it's high protein content and wholesome, holistic, grain free (specifically corn) ingredient list, it's actually superior to the dry version of the RX diet.<br /><br />I ran to the pet store and to my surprise, they carried it. So I grabbed a small bag and headed home with fingers crossed. Aphrodite is a finicky eater, so the first test was whether he'd eat it at all. To my relief, he ran for it and LOVED it! So, I watched and waited.<br /><br />6 months later, my cat is doing amazingly well! Esp. considering just months ago, he was on the verge of being put down! His coat is thick, shiny, and healthy. His eyes are clear and bright. And he rarely vomits - save for the occasional hairball! To maintain his health, I've switched to Bellyrubs Organic Bonito Flakes and Liv-a-Littles All-Natural Freeze Dried Chicken treats, as well!<br /><br />And today, Aphrodite is incredibly healthy, happy, and back to his old self.<br /><br />Now, if I can only do something about his wayward curiosity! =D"
540272,B0006SDRRE,A2QJULDVL0ITFL,"L. Ford ""peekabooca""",0,0,5,1145318400,Addictive in a Good Way,"A friend sent me MST last fall.  Since then, I have ordered countless bags to share with friends and family.  I drink it almost every day.  It's a very robust tea--doesn't taste like your typical water-with-flavor concoction.  I am not usually a tea drinker, but I'm now a convert.  This stuff is great!"
442275,B0030HSFW0,A1TWK5UP035K1T,Jodie  Chessor,8,8,3,1291334400,"Good, but...","We got these to try out sausage making ourselves. The casings were easy to work with, but they were really tough to eat. I'm not sure if this is a characteristic of natural casings in general or just this particular brand."
560248,B002UT92EY,A2XOUBTCDPFMBB,njTSX,3,3,5,1324080000,Cats dig it,"My cats seem to love it, just as much as Core Wellness. Maybe they are just little fat arses that eat anything, though. All I know is that my one cat used to have constipation issues before Wellness and Wilderness. He'd get a little random butthole bleeding (yuck) and discomfort of which he relieved by leaving lovely skidmarks across my carpet. So far this has been gone since the food switch off of garbage ProPlan. They also seem to have more energy, coats seem shinier as well. I would definitely recommend spending the extra money on either Wilderness or Core Wellness (grain free foods) for your little guys. I'm confident the money saved on crap junk foods like Purina, etc, will not make up for expensive vet visits further down the road.<br /><br />One issue I have had with this food is my cats still occasionally drop a vom-bomb on my floor. I don't think this is due to the food, though. I think they are just little pigs, and sometimes I take too long to feed them. It seems they eat too fast and then -- BLEH, out it goes. Also, I wish they'd package it in more environmentally friendly bags though, there has got to be a way to not make the bags out of thick plastic (or whatever it is). It just has that feeling... like it's an unnecessary amount of material for what it's needed for. It was most likely some art director (I am one) that created the packaging and decided customers would think it feels fancy so it's worth the price.<br /><br />Overall, I've done much reading about various foods, and this food seems great for them, aside from a raw diet. I'd also recommend Core Wellness."
165548,B001QE7J2G,A5IUFN46R0FXV,phillip,0,3,2,1309910400,Packaging was already open!!!,"When i first opened the box it looked perfectly fine. the expiration date was april 2012 the bag seemed fine. That is until i went to open the corner. The resealable pouring spout was already opened. The seal is supposed to be intact until it is opened for the first time. To me it looks as if someone had reused this bag. Im not entirely sure if it is even the same dog food. Someone could have just put in what ever they feel like and called it ""Canidae"" and charged me $55.00. The dog food looked different as well. it had the same texture but the pieces were all bigger and a darker color. I had a bag of canidae that i had from before so i compared them! I will not be feeding this to my dog. I guess lesson learned from buying on the internet. maybe my story will make you think twice. on the bright side the price was cheaper and the shipping to hawaii for me was less than a week! free shipping i may add! So buy at your own risk! My dogs health isnt worth taking a chance that it could be canidae in there! I want to be certain that it is 100 % canidae!!<br /><br />-Phillip"
165523,B001QE7J2G,A1SDLP78L9X1IS,Rebecca Nason,0,0,5,1297641600,Great food!,"I have a 4 year old mastiff who, despite his tough appearance, has a bit of a delicate belly :) He has been eating this since he was a puppy after a bad experience with a nasty corn-based product. My other dog is a 9+ yr old shelter rescue mixed-breed and she eats this as well. Both are happy and healthy. I'd recommend this food. It's totally worth the extra you spend."
165906,B0009F3SA0,AFCIKJU8Q9N04,"S.K.R ""S.K.R""",7,8,3,1301616000,Don't SQUEEZE the teabag!,"First off, don't pay more than $3-$4 for this box. Kroger and some Walmarts carry this in their ""organic"" section.<br /><br />Secondly, the second time I used this I squeezed the teabag.  I was in a catatonic state for 4-5 hours afterward.  The best way I can describe this tea is that it WILL make you sleepy but doesn't put you to sleep.  My best analogy would compare this with alcohol.  Enough alcohol makes you drowsy but actually interferes with a restful sleep.<br /><br />BTW, valerian root acts on the same GABA receptors as Xanax, Ativan, and Klonipin.<br />If you've been using this for a long period, ween yourself off ... don't stop taking this abrubtly."
79825,B001IZM92S,A12M0D7FQARD5A,Kathy Palmer,0,0,5,1313712000,Dried Apples,"These are much more economical than candy and a whole lot less calories!  The flavor is great! These apples are addicting. They are sweet and crunchie. Why eat potato chips when you can have these delicious, healthy, low-calorie, fat-free chips.  They also fit well into my budget since I only work part time and go to school."
501067,B000YVGMZW,ASKQAQZAGQJ0B,M. Steinhorn,9,10,2,1318636800,Not Italian or American,"This tuna may have been packed in Italy but it distinctly says on the bottom of the case ""Product of Thailand"". Not what it was and my local grocer has it for about the same price when it goes on sale."
128201,B00014IVPQ,ANQ148M6WUBTZ,isingwest,1,1,5,1299456000,Fantastic Purchase,I purchased Extra Virgin Coconut Oil from information I had read online and from personal friends who told be about the benefits of using Coconut Oil.  I have had positive results from using this product and would recommend it to my friends.  I've used it to cook with and still want to try some other possibilities with this oil.  Its got a very pleasant and appealing taste.  I love it!!!
501110,B000YVGMZW,A24VMQ9DR6AIVZ,Lucybella,0,0,5,1329350400,"Best flavor, convenient size","To me, tuna packed in olive oil is far superior to tuna packed in water.  This tuna is flavorful without being heavy or oily.  This size can is perfect for a lunch.  Buying it by the case makes it very inexpensive.  Love the free shipping!"
165922,B0009F3SA0,A2XN65OTX6U7KZ,"Laura J. Schmidt ""olsenbrown""",1,1,5,1300838400,This tea really works for me!,"I brew a small pot of tea every night and this tea has improved my sleep duration tremendously. I had trouble falling asleep, and this tea has really helped me."
165536,B001QE7J2G,ASAUHWXTIOMMZ,Christopher M. Cook,0,0,5,1175385600,Very impressed,"Although I have not bought canidae through Amazon (there is a local store near me that carries the life all stages 40LB bag for $35) I just wanted to write in and remark how impressed I am with this food.  I have an almost 2 year old chocalate lab.  When i got him from the breeder at 9 weeks he was on Eukanuba, which he stayed on with me at 1st.  After talking to a friend who breeds world class vizlas, she told me how she feeds them Canidae and how wonderful it is.  I switched over to Canidae then thank god and ever since.  My chocalate lab people actually think is a black lab.  He is the darkest chocolate lab u have ever seen, his coat is so beautiful and glossy, when he was on the eukanuba it was light brown and discolored.  Coats can be a huge problem with choc labs, but canidae has solved that problem.  With all the problems with menu foods that include so called good foods like eukanuba, science diet, iams, etc, it is a relief i can trust canidae and not be worried about all that.  Very impressed overall....."
79785,B001IZM92S,A28OBO76AL06JR,pastimes2,3,4,1,1312761600,Bare Fruit Dried Fuji Apples,"I have ordered these apples twice now to make sure of my discovery.  The apples are NOT cored.  So therefore, you are eating the core, seeds and stem.  It taste awful when you bite into these parts.  I will not be ordering again."
165902,B0009F3SA0,A1KMAK45XGS4RT,D. Fitzgerald,7,7,4,1167782400,Works,Tastey and straong for a bag tea. It really works as a sleep aid. It does have ingredents that may aggravate sensitive people.
501075,B000YVGMZW,A8RX1ZWIQHE1T,John Carrabba,11,14,1,1284595200,NOT FROM ITALY,"IT WAS FROM  ITALY AND VERY GOOD. THE PRODUCT DESCRIPTION STATES FROM ITALY, NOT SO!! OUALITY HAS SURELY GONE DOWNHILL!!!! NO MORE ORDERS.<br /><br />SUEGGESTION, RAISE PRICE TO KEEP QUALITY."
268302,B0040K41MY,A3GVD3O9QG6I0V,Jennifer L. Vido,3,4,1,1337990400,Healthy breakfast choice!,"I am a big fan of eating cereal any time of the day, especially for breakfast. It's fast, convenient, and a healthy start to the day. I was excited about tasting this cereal because it is gluten-free and contains quinoa, which Dr. Oz says is a must for any diet. On first inspection, the cereal looks as if it's a combination of Corn Pops, Rice Krispies, and Wheaties. It has a lot going on in one box. In terms of taste, it has a vanilla flavoring that lingers in your mouth long after you have eaten it. Not very appealing! As for  the nutritional value, I was surprised at the lack thereof. Comparing Original Special K (serving size is one cup) to the Crunchy Vanilla Sunrise (serving size is 2/3 cup) without adding any milk, SK has 15% Vitamin A of the daily recommended amount and CVS has 0%. As for vitamin C, SK has 35% and CVS has 0% and sugars SK has 4g and CVS has 7g. It doesn't look like the Crunchy Vanilla Sunrise is all that healthy. Overall, if you like the taste, it's probably better than eating a sugary cereal; however, I wouldn't buy it."
165949,B0009F3SA0,A173M2MEP5DO76,curlygram,0,0,5,1323216000,It's a great sleep-aid tea,I have been using Yogi Bedtime Tea for a while.  It really does help you to relax and sleep!  I have been buying it at Whole Foods and it's expensive there!  Sometimes they would have a 'twofer' sale but they would be sold out before I could buy it. I decided to try Amazon and found a pretty good deal. Bought 6 boxes and split the cost with a friend. !
268248,B0040K41MY,ADQR7Y6GIKSDL,Ken C.,3,5,3,1337644800,A Tad Sweet,"As Crunchy Vanilla Sunrise is a ""health cereal,"" gluten-free and organic to boot, I'm guessing most prospective customers would be ""health-conscious"" and thus interested in the label's nitty (and, as required by law, its gritty). Do you care about sugar? The latest research says it is a bigger villain than previously thought, worse even than cholesterol and fat (well, ""good"" fat, anyway). This cereal provides 7 grams of sugar for each 2/3rds cup of serving meaning, for most people, a bowl of 1 1/2 cups (not much, mind you) would bring in 14 grams of organic evaporated cane juice (number two on the list of ingredients, which are listed in order of amount in the cereal).<br /><br />Of course, if you like a sweeter cereal, you might count this a strength and not a weakness. It's not like this is Trix or Cocoa Puffs or anything, where sugar gram totals are higher than Cheech and Chong on a Saturday night. To its credit, CVS provides 3 grams of dietary fiber and only 1 gram of fat (zero saturated or trans fats). And hey, it's gluten-free and offers a motley mix of corn, rice, flax, quinoa, buckwheat, and molasses. In fact, it looks like that hodgepodge my father used to create when he combined three or four cereals that were all nearing empty. (We cured him of the habit by refusing to eat the result.)<br /><br />Bottom line? If you like ""healthy"" with quotation marks (or an asterisk for the sugar), this might be your cereal. If, on the other hand, you're watching your pennies (economical this product is not) or carbs and sugar in an attempt to lose weight, consider the humble egg. Or old-fashioned oatmeal like Grandma ate. Flavor it not with sugar, maple syrup, or molasses, but with cinnamon, allspice, and cloves. Serve with morning paper."
128184,B00014IVPQ,A2JP50VVALLDWK,MariaV,2,2,5,1326326400,"GREAT taste, but worked BEST for daughter's eczema","Originally purchased for my smoothies, I then read information on benefits of coconut oil - so tried it on my 14 mth old daughter's eczema. NOTHING else worked before this. So happy this worked!"
215452,B0014X5O1C,AKMEY1BSHSDG7,J. Arena,3,3,5,1208995200,Good things come in little packages!,"If you are sick of the overly-sweet taste of regular or diet sodas, this is the product for you.<br /><br />As a sparkling juice drink, Izze offers the best of both worlds -- there's fruit juice for health and fizz for fun. The taste is excellent, and the packaging size is just enough to refresh you.<br /><br />Of course, you can always mix any fruit juice with seltzer at home for a healthy spritzer, but Izze can't be beat for refreshment on the go! It's a great item to take along with you to work or school, and will save you from the feast of chemicals usually available from vending machines or fast fast food places.<br /><br />The clementine flavor has the wonderful sweet/tart taste of a fizzy fresh fruit! The pomegranite is a mix of apple, grape, pineapple, lemon and pomegranite and packs quite a tart and sweet punch!"
128193,B00014IVPQ,A2LC0XPN02TKFB,"computer-girl ""computer-girl""",1,1,5,1325376000,Simply delicious and healthy too!,"I love this oil.<br /><br />My first attraction to it was based upon my research which led me to the realization that unrefined organic coconut oil is healthy for you.  So many reports about the dangers of coconut oil were based on poorly the poorly refined kind.<br /><br />No trans fatty acids here!<br /><br />It has anti-bacteria and anti-fungal properties.<br /><br />Two books on the use of coconut oil are <a href=""http://www.amazon.com/gp/product/0941599604"">Coconut Cures: Preventing and Treating Common Health Problems with Coconut</a> and <a href=""http://www.amazon.com/gp/product/1583332049"">The Coconut Oil Miracle (Previously published as The Healing Miracle of Coconut Oil)</a>, both by Bruce Fife.  Both are good, but if I were to choose between the two, I would go with Coconut Cures which has the recommended therapeutic amount of coconut oil to injest on a daily basis.  The Coconut Oil Miracle has the recommended amount of coconut oil if you are ill (high dosage amount).<br /><br />This oil is so fresh and clean tasting that I happily eat it raw.<br /><br />I also cook with it, make homemade popcorn in the stockpot and you can't taste the coconut flavor.<br /><br />I also rub it on my skin.<br /><br />This is a fantastic all which has many uses!"
215480,B0014X5O1C,AHYRTWABDAG1H,"E. Thomsen ""arvig""",0,0,5,1351209600,Wonderful alternative to soda pop,"This is a wonderful alternative to soda pop.  It's carbonated for those like me that just enjoy fizzy drinks way too much for their own good, yet it also contains 70 percent total juice.  I'm not going to say it should be a substitute to drinking normal fruit juice, but if again you're like me, and both are almost addicted to fizzy drinks and can't stand the taste of any artificial sweetner to even try to gag down a ""diet"" soda, then this is very much the way to go.  I also do suggest this flavor, most or all of the Izze line uses some of the flavor of juice listed on the can, but also some grape and/or apple juice as a ""filler"".  They do the same here, but it tastes first like clementine or at least orange juice, and then a hint of the others come through.  I've found with most other flavors of Izze it will taste more like the ""filler"" first, and then the flavor listed on the can or bottle.<br /><br />Price may seem high, but compared to what a 4 pack costs here it's actually not horrid considering.  And if one has an amazon prime account, then shipping costs aren't a major issue."
152323,B000LKZD4W,A3HQET31VOG3KN,"ejodee ""ejodee""",5,5,5,1177200000,best vegetarian jerky,"There really aren't any vegetarian jerkies that replace meat jerky.  Some vegetarian jerkies are so horrid, it is surprising they made it to market.<br /><br />Even in their tiny packages, a lot of vegetarian jerkies are so bad I can't finish them.<br /><br />But there are a lot of varieties of this brand that we like:  teriyaki, hickory, and thai peanut are our favorites.  This is seitan, which is a chewy gluten product.  It is stringy in texture, moist, and is a good match for the flavors.  There are some flavors I don't particularly like, such as the lime flavor, but even the ones I don't like seem like someone else would. (As in, I don't like barbecue potato chips, but I can see where someone else would.)"
152366,B000LKZD4W,A7LP72SYUQ9NT,W. WATTERS,0,0,5,1350345600,Very tasty and healthy jerky snack!,Hi! I could eat a box of this vegan jerky at one sitting. Delicious! The hickory smoke flavor is mildly hot without burning. There's to be a hint of maple syrup or similar tasting spice in the flavor. Texture seems right. Chewy but soft enough. The strips came in an outer paper box. Easy enough to open. The individual wrappings are easy to open with scissors. Tougher to open by hand. Individual wrapping has a cut at top for peeling open. I had no luck that way. For taking these on a hike it's a good idea to bring scissors. I recommend this jerky for a great snacking experience. I hope to buy other flavors in future orders.
88619,B000PMJLJO,A39AAVT3J3DW5D,work bot,0,0,1,1343779200,Mold problem,Have seen mold on a couple of different flavors of this jerky.  I keep it in a cool dry place and it doesn't expire for another year.<br /><br />I've had it in the gas station before and it's fine.  But the couple boxes I ordered from amazon had ones with mold on them. I personally like this jerky but molding product gets a 1 star review.
165527,B001QE7J2G,A2S3XL05JHEG6A,"Berlinda R. Hughes ""Luv my German Shepherd""",0,0,5,1277251200,My girl oves this food!,"I am surprised at  a lot of the negative comments on Canidae. I have a 2 year old German Shepherd who is a picky eater and has sensitive skin.  I tired 4 other brands of food: Innova, Natural Balance, Taste of the Wild and Evo....all of which she scratches and bites herself constant.  With Canidae, she has a beautiful shinny coat, doesn't itch and she loves it!  It's amazing the difference.  Her stools sometimes are loose, but nothing to complain about or worry.  I'm not putting down those other foods, I'm just saying that this Canidae food has down wonders for her!  I've gotten wuite a few comments on her shinny coat.  Every dog is different and you just need to find a perfect dog food like I did for her.  We use the Chicken version on her.  If you on dog food analysis, you will notice it has a 5 star rating.  Jetta and I are both very happy with Candiae!!"
152352,B000LKZD4W,A4OKY9RZ5VR7N,D. Hogan,1,1,5,1267920000,primalspirit meatless jerky-wow!,"Have tried most of the flavors and can't say anything bad about any I've tasted. The Teriyaki and Hickory Smoked are my personal favorites. For 99 calories you get 11 Gms. of protein and great taste. Add an apple and/or salad and you've got a full, small meal. Price is good, too."
215474,B0014X5O1C,A1B05INWIDZ74O,M. A. Ramos,3,4,5,1208908800,"Great Clementine, OK Apple","The Sparkling Clementine Flavor is my favorite of the three I tired with the Blackberry coming in close. They all have a similar mix of ingredients as the apple below. All have White Grape as the first ingredient listed and Lemon juice.<br /><br />The apple for my taste was only a 3 star drink, the above rating of 5 stars is for the Tangerine Flavor when these were all combined. An Average Apple Flavored Drink: This sparkling fruit juice has a slightly sweet-sour soda taste of fruit juice. It is like Lemon-Apple juice mixed with sparkling water and a touch of sugar. The first three ingredients listed White Grape, Apple and Lemon Juice that gives it its taste. I did not find this to have a refreshing apple taste. I do like that the cans are small, they contain only 8.4oz and 90 calorie sparkling the sparkling juice. But if I were to buy one it would not be the Sparkling Apple.<br /><br />Note: The three flavors combined would be a 4 star rating. Also I had a much longer review describing the Clementine, but when I saw the flavors split up into their own reviews I went to the apple and deleted the other flavors and save. It deleted the written review on all three drinks! So that is why this is now missing so much, I hope amazon can replace the original review."
540220,B0006SDRRE,A256UVCBDRY3LE,Karen G.,1,1,5,1200873600,Best Tea Ever!,"I discovered this tea on a trip to Seattle years ago. I was so excited to find it on Amazon so I can keep drinking it. I love iced tea and the flavor of this is out of this world. Also, because it's so naturally sweet, I don't have to use any sugar or artificial sweeteners which I'm trying to avoid. I can't recommend this product highly enough. I'm addicted. You do need to be careful because of the essential oils. I make my iced tea in a glass jar. And, make sure to wash your hands after handling the teabags."
310102,B008EM51FA,A2C8R9KPG5HO2Y,rosilu,0,0,5,1350864000,Instant Ginger Honey Crystals Pack of 30 Bags - 18 g Sachets,"A nice healthy cup a...ginger crystals?...Yep! This stuff is great! I found this when I came across it somewhere on clearance once and althoug it's very strong (I only use 1/2 packet per cup); depending on how strong you like ginger, you might use more :)  For winter or fall this is a wonderful thing to have around.  Remember how I said it's strong, well, I get 2 cups per packet (I like my tea very strong, but I like this the way I described). The value here-wow, you just can't go wrong.  And no, I am not getting any compensation here for saying all this, I just found a product I like and it's hard to find for such a great price. I can't do dairy either or much coffee, so haviing things like this just make life a little more fun.  Plus, it's so much better for you and chepaer than a drive-through drink :)"
501073,B000YVGMZW,A1HR7PCH2EYHD3,Alexander Cong,4,4,3,1303862400,"Lower quality, higher price than before","Instead of from Italy (Amazon still claim it's from Italy), this tuna is now from Thailand. The taste definitely changes (in a bad way). Price is higher. I hope the Italian version of this tuna can come back."
268363,B0040K41MY,A3RNSX8VKC38WA,Jeff Kimble,0,0,4,1339286400,Will Buy Again!,"I'm usually not the type that enjoys the super-organic items that are heavy in flax seed and what not.  I try them off and on -- my girlfriend stocks our cupboards and I get hungry -- but I often don't turn back to the items, surprised at what I found.<br /><br />The exception is this cereal.  I thoroughly enjoyed it and thought that it tasted like a 'normal' cereal you might pick up that's not as healthy as this one.  The vanilla is faint but noticeable, and the cereal lacks the incredibly grainy taste that you can sometimes get by mixing in all of these types of things.<br /><br />On the other hand, my girlfriend said she felt that it was, ""too sweet for a granola cereal.""<br /><br />So I believe these two points best illustrate its use-case.  For someone like myself -- an individual transitioning to a healthier diet or looking to get a healthier cereal without all of the stereotypical 'healthy taste' -- it's absolutely delicious.  For someone how regularly enjoys bowls of just normal granola or granola cereal, it may come off as a bit sweet."
501087,B000YVGMZW,AK8S3SXO3CX9Y,Jerrie Rogers,2,2,5,1266105600,Genova Tonno Tuna,"Perfect size for brown bagging.  It may be small, but you still get big chunks of tuna, not that mushy stuff sold in grocery stores.  It is packed in olive oil, not water - I never liked the water packed tuna.  Genova Tonno Tuna is a staple of my workday lunch."
165919,B0009F3SA0,A25GUBWXM544WV,T. Crugnale,1,1,4,1318291200,"Good stuff, very potent.","I bought this because I read that it creates a calming effect and I get incredibly nervous when it comes to interviews. Since I have a bunch of interviews lined up I thought maybe if I drink some of this before the interview I wouldn't be as nervous...and let me tell you it worked! I brewed 2 tea bags in about 10 ounces of hot water, I took the tea once it was brewed and refrigerated it, then took it once it was cold and transferred it to an empty water bottle and 10-15 minutes before the interview I chugged the entire 10 ounces. Halfway through filling out the application I felt this incredibly strong calmness take over and I was no longer nervous at all. By the end of the interview I was shocked at how calm and easy the whole application/interview process had gone. About an hour or two after drinking it however I did feel a very intense urge to sleep, I took a nap for about a half an hour and woke up with a huge headache. The headache is the reason I gave this tea a 4 instead of a 5. It'd easily earn 5 stars if I hadn't woke up with a headache, I will definitely have some of this tea before any stressful event I plan to attend."
560282,B002UT92EY,A19SGRM7FZ9B07,Laurie Brown,0,0,5,1327708800,My Cats Love It!,"My two cats just started their second bag of Blue Buffalo Wilderness Chicken dry food.  In the twenty years that I have owned cats, I have never seen cats so excited about dry food.  With other dry food they would eat a few bites and then walk away.  I would end up throwing away what they didn't eat after several hours.  With this food, they don't waste anything!  They usually eat their entire serving as soon as I feed them.  It must really taste good to them!  I'm very pleased with the ingredients and I've noticed how silky their coats are after starting this food.  This dry food and the Weruva canned food are definitely their favorites.  It's worth spending the extra money because nothing is going to waste."
152363,B000LKZD4W,A29I0OB6DHLAR0,K. Alexander,2,3,4,1305590400,"Love, but is the plastic BPA-free?","I love this product as a way to get protein into vegans.  But...is the plastic that holds the product BPA free?  I called the manufacturer, and he said that he thought that it was.  I asked him for verification of this fact, because I give it to my kids.  He also mentioned that it is put in the plastic while hot, which is of concern to me, because bpa leaches into food when it is hot.  Love love love this product with this one caveat.  Please verify, Primal Spirit!"
165512,B001QE7J2G,A2BF9W75R5FARC,tabbooma,0,0,4,1347235200,Canidae - Still the best,"I've been feeding my two labradors this food for about 3 yrs now and they are both doing well.<br />My older lab (13yrs.) seems to thrive on it and despite some level of arthritis in her hips, she still is very active. I don't mean to ascribe this to Canidae soley, but it certainly helps."
560249,B002UT92EY,A3A462DRF4EXYE,Will Strong,3,3,5,1320537600,No more hairballs.  Happy cats.,"My cats were too young to have serious health problems.  However, they did eat compulsively and throw up (on the carpet) at least once a week even though we fed them the best quality grocery store cat food (Iams).  We switched to Blue Buffalo after the cats flatly refused a transition to raw food.  No more vomiting, no more constant eating, decreased shedding.  They eat less and seem much more contented.  Blue Buffalo may be more expensive, but it is still much less than the vet.  One bag lasts our two smallish cats seven weeks."
310092,B008EM51FA,A2NJ9TJM5CH0L7,Dr. B. D. Massey,1,1,2,1347062400,Too Much Sugar,"The ginger flavor is nice and strong.  The white sugar is excessive.  Nice convenient packages.  Similar to a strong, sweet lemonade."
268357,B0040K41MY,A1DTCJV6KOMJOA,A*,0,0,4,1339632000,Too Sweet.,"I'm a big cereal eater. But as I have gotten older, I have strayed from things that taste cloyingly sweet ... and sorry to say this is one of those cereals that I just couldn't enjoy. I couldn't put my finger on the taste for quite sometime but now I know exactly what this cereal tastes like to me -- Crunch n' Munch. This cereal doesn't have a vanilla taste at all, it seems way too artificial and leaves a slight aftertaste. My husband doesn't agree, that is why I am giving this review four stars. He loves it thought it had a great balance and seemed very different and satisfying from the usual Raisin Brand that sits on our shelf. Another thing of note that we both liked is that this cereal does hold its crunch in milk better than most."
165952,B0009F3SA0,A211QUYR0F2AP5,moskibum,0,0,5,1318809600,Better than Sleepytime,"I grew up drinking Sleepy-time tea. I was convinced it had magical powers when I was a kid that would put me right to sleep. As an adult, I was looking for something with a little more punch. The Yogi Bedtime tea contains St. John's Wart so it does a much better job of relaxing you and helping you fall asleep."
310113,B008EM51FA,A2DVOI8JKKV2QD,Lesclave,0,0,4,1332028800,For ginger lovers,"Makes a quick and tasty hot ginger tea.  I would enjoy it more with about half the sweetness, but that doesn't stop me from drinking it a couple times a day.  One packet could make 2 small cups.  If you don't like ginger, don't bother.  Will also dissolve in cold water, with a bit of shaking, if you prefer."
233293,B007TJGZ4A,A35JRT6JOMA09B,Sharon Boehl,0,0,5,1270166400,Hazelnut,The Hazelnut coffee is the best full bodied and taste of all the coffee We have used
560277,B002UT92EY,AYCY42917J635,J. R. Haigh,0,0,5,1335398400,Quality product,Quality product as one of the best.  The 2012 price increase is not too welcome as I have been ordering also from petfood.com for $38.98 with tax/shipping.  I recommend this cat food to anyone who wants one of the best products on the market.
165934,B0009F3SA0,ATAHPC4N9UPS3,Steven A. Mesa,2,3,4,1255392000,Good but tastes a bit medicinal,The tea works but sometimes I think that it causes me to have strange dreams.
215432,B0014X5O1C,A11L4SBY7NCSZU,"Jennifer A. Wickes ""Food Writer""",0,1,5,1210118400,Natural and Refreshing,"A refreshing alternative to soda, IZZE sparkling juice was a hit by both adults and children at my house.  The flavor was delightful without being overbearing or artificial.  Made with only juice and sparkling water, what a better way to revive yourself after a hot day with one of these!  Would be willing to try again!"
310084,B008EM51FA,A22JKVBASB9V6I,Musashi,2,2,5,1341792000,I was looking for Jamaican Ginger Beer,"I found lots of spicy ginger beers at Amazon, but the best price in the lot was <a href=""http://www.amazon.com/gp/product/B001SB04N8"">D & G, Soda Ginger Beer, 12-once (24 Pack)</a>; while $30 [$45 shipped] for 24 hard-to-find sodas isn't the worst pricing in the world,  it's still not going to be in my budget as an everyday beverage. This stuff is plenty affordable in the 30-count bag, and the flavor is exactly the spicy & sweet combination I remember from my youth in the South.<br /><br />It just arrived today, so I've not had the chance to try it with club soda in place of water, but I expect adding some fizziness will make this drink perfect! Look for an update to this review.<br />UPDATE: almost finished  with bag one, ordering more. Mixing the bag with <a href=""http://www.amazon.com/gp/product/B003SBRS12"">Blue Sky Natural True Seltzer,  12-Ounce Cans (Pack of 24)</a> does make a nice refreshing drink (I mix in a little <a href=""http://www.amazon.com/gp/product/B004WX5J9I"">Tang Orange Powdered Drink Mix (Makes 22 Quarts), 72-Ounce Canister</a> for a citrus-ginger soda), but it's not as close to the Jamaican Ginger beer that I remember as I'd hoped.<br /><br />However, if I add it to store-brand ginger ale, it IS the flavor clone I'd been looking for! Five stars!<br /><br />Further update: There are many recipes foe home-made ginger ale on the web, and the process looks very simple...I'll keep a stock of these packets anyway, but I think I'll try fashioning my own brew this weekend!"
152298,B000LKZD4W,AEO407GROR6JB,"Susan C. McConnell ""Avid reader""",2,4,1,1345766400,Disgusting! Horrible! YOU'VE BEEN WARNED!,"I took one bite of one of these things and had to throw all the rest of them away. The taste is indescribably yucky, sort of sweet yet caustic. The worst part is the TEXTURE! It was like trying to bite through soggy cardboard. Utterly disgusting. I guess if you were trapped in a collapsed coal mine and awaiting rescue and there was NOTHING else to eat, you might choose this over a coal-mine rat, but it would be a hard choice."
549905,B004779XNW,AT997T4MTH9B7,"T. J. Mazzaglia ""Car Junkie""",0,0,5,1346630400,Good as Dunkin's Coffee,"I needed to change up from the coffee that I was drinking due to it being so much money. I tried a breakfast blend but it was so weak I gave the rest away. Decided to give this a try and so glad I did. The taste is right up there with my old favorite Dunkin Donuts coffee and the cost is much lower. I use fat-free half and half and splenda so it does make it alittle weaker, so thats perfect for my taste buds."
549649,B004779XNW,A2EXT8FXO9E24E,"Larry8 ""Larry8""",0,0,5,1344643200,Good Strong Coffee,I found this coffee to be full flavored when brewed at 3/4 cup. Not really bitter at all with a smooth flavor. Not as good as Timothy's World Coffee Rainforest Espresso but pretty close.
152302,B000LKZD4W,AE1ZME0QHI8U,L. Johnson,0,1,4,1189900800,yea - high protein and vegetarian - but a bit bitter,"Kind of bitter. I recommend buying on first in a store before buying a case. But, almost all these strips are such a great portable vegetarian protein snack."
165911,B0009F3SA0,A1N5WTP5SDTLK8,Kara Mae,4,4,5,1220572800,surprisingly effective,I was pleasantly surprised that this tea made me drowsy.  I knew it couldn't be the chamomile because other teas have been useless.<br />I use 2 teabags each night.<br />I enjoy the taste - no sugar needed.
215492,B0014X5O1C,A1YY7D7C8LUOFR,J. Cereck,0,0,5,1295222400,It tastes like the fruit... its not orange.,The Clementine flavor tastes just like the fruit. So many think it should taste like an Orange.. but its not.. I have a Clementine tree in my back yard.
128206,B00014IVPQ,A1BEDDZ1UG0KIN,Saysouda,1,1,5,1255392000,"Great for cleaning face, bursitis, joint pain","Amazon's delivery is super fast.  This stuff is wonderful and smell like the real coconut! Reminds me of the tropics.  I ordered 4 jars of this EVCO and gave some to my mom to try.  She loves it.<br /><br />I have been using EVCO for about a month now and I am very HAPPY with it. I take about 1 TBLSP/day internally; put in my coffee, spread it on my toast.  No only is my enery level up, the pain from my shoulder bursitis is gone. Since I have been taking EVCO, I haven't have to take my medication for my bursitis and joint pain.<br /><br />This is also great to clean my face with at night followed by warm damp cloth.  It makes my skin so soft. I have combination skin and have always been afraid to put anything heavy and oily on my face due to acne breakouts.  I even give some to my dogs and cats and their hair is shiny and soft. This stuff works great!"
88617,B000PMJLJO,ALSW7HGFU3ZRG,Dean Benkowski,0,0,4,1347321600,"Greasy, but good","This is a greasy product, but has good flavor.  The meat is soft, not too salty, and meaty.  I would buy again."
79794,B001IZM92S,A1JR3GSIEDZO3S,greenpinky,0,0,5,1345507200,"naturally sweet, filling & slightly crunch","Satisfying snack. But, they will lose their slight crisp texture and get kinda chewy when mixed with other moist fruits in a trail mix, so keep them sealed & separate."
233273,B007TJGZ4A,A15R1X6HP6TZSI,Mac Riddel,0,0,5,1281225600,Flavorful lighter coffee & great deal w/ Subscribe&Save,"Bought these k-cups on a Friday sale and used the subscribe & save option for an excellent deal on another 50 k-cups.  Haven't tried this flavor before, so it was a gamble since I was going to be stuck with 50 coffees if I didn't enjoy it.  Fortunately, the reviews were correct, this is a good, flavorful coffee.  A bit lighter than I was used too, but that enabled me to use less creamer (Chocolate Toffee) than I normally would need.<br /><br />Amazon shipped this package quickly, all were in great shape, and the k-cups don't expire until next March."
88638,B000PMJLJO,A2ETUPQEBECCVA,JohnC,0,0,5,1280016000,Very good beef jerkey,"I really like this jerkey because it's not too spicy, has a good meaty texture and taste and it's the right size snack for me.  These boxed sets are a good price and I don't have to spend time running to the store and paying extra for them."
165941,B0009F3SA0,A2SU4RICR36W85,Kassi,0,0,5,1336780800,Just amazing!,I take medications that do not allow me to sleep. Instead of adding more prescription medications I was told about this tea. It is all natural which I like because I don't have to worry about side effects with my other medications. My boyfriend is a cop and when he comes in late or leaves early in the morning I don't wake up. I finally found something that helps me to get the deep sleep I need to rest my body. I tell everyone about this tea! It really does work!!
442298,B0030HSFW0,A2QP1A9W3XPGO8,Art,1,1,5,1349222400,No problems here.,Casing were perfect. I didn't find any holes. It was my first time making sausage and didn't have any problems. I would buy again.
549881,B004779XNW,A2EBMYVJAEIK75,Hobo Jan,0,0,5,1350518400,Coffee lover,"I am one of those people who like for their coffee to ""walk and stand alone"". This one does. Great taste, no bitter after taste. Very dark roasted color, smell and taste. It does have backbone. I even put cream and sweetner in a cup to see if ""watered"" down. It didn't. Stayed true to taste and flavor. Oh yeal! I see a lot of this in my future."
215466,B0014X5O1C,A2BCDZO1XQLDH,R. Lanthier,1,1,5,1209254400,Very Good!,"Not sure why this is called Clementine, as there is no Clementine juice in it! It is a very strong citrus flavor, but I like that. Kind of like a strong orangina. Tasty stuff! 70% fruit juice, some vitamin fortification too.<br /><br />I like the pomegranate flavor as well, though it tastes more cranberry to me. If you are expecting the antioxidant rich benefit of the pomegranate, I would look elsewhere as that fruit is the last juice listed. In other words, I doubt there is much POM in there!"
442307,B0030HSFW0,AANX7DKV2GKAW,happy face,1,1,5,1330473600,nice (*^__^*),is a very good deal . and yummy at the same time. a huge big AWSOME for the saler . i just love it III and the sausage is really good II
268228,B0040K41MY,A3HAA7H8PBVM78,Joseph Oppenheim,0,0,4,1338854400,Good tasting and pleasantly crunchy,"Tasted good right out of the box and also with milk. Not too sweet, pleasantly crunchy and reasonably nutritious. Extremely young kids liked it instantly right out of the box, along with adults. It works as both a snack and as a centerpiece for a meal with milk, especially breakfast."
165939,B0009F3SA0,A1EJKH7JZ85BN4,Daniel,0,0,5,1340496000,Love the Taste!,"Drinking tea usually helps me relax anyways so I can't speak to its Bedtime abilities. However, I do enjoy the flavor immensly! It has a real earthly and spice flavor."
79815,B001IZM92S,A2VIQLU57RMFGG,"Bryan C ""Alibryan""",0,0,5,1325203200,Dried Apples,I get these bags for my rabbit to supplement her diet of hay and pellets. She gobbles them<br />up every day. I haven't tried them myself but who cares. She loves them and I will continue<br />to get them for her. Enough said.
165609,B001QE7J2G,A9C2OUHUVNQWR,elfwicket,1,1,5,1323302400,loving the new dog food,"I used to buy one of those Purina brands for both my dogs which was fine at first. Then after a friend told me about this product I looked around a bit more and decided to give this one a try. If any of you own a pug, you know how stinky their farts could get! After eating this one for a while, my pug seems to have less flatulence problems or at least far far less smelly ones. I could also feed them a little less in order to maintain their proper weight as opposed to the other brands, it had too much filler. My pets seem to be much happier, more energetic, much healthier looking, and have less smelly farts."
549717,B004779XNW,A284MZZ9TQRKTI,peanut74,0,0,5,1321574400,Big Bold Flavor!,"If you want a good strong flavorful coffee, this is it.  Emeril's Big Easy Bold is also good, but I like this blend better.  Don't buy this if you don't like it strong, though.  You will be disappointed"
540268,B0006SDRRE,A2L31IXBIAQHDU,"Nancy E. Bathurst ""keegan's gram""",0,0,5,1163030400,Absolutely the Best,"I have been drinking Market Spice Tea for over 15 years - that is, whenever I could find it.  I was so excited to learn I could get it through Amazon. It is like no other I have found.  Everything else pales by comparison!"
88654,B000PMJLJO,A1SQEQG5FGZA82,Bolo,0,0,4,1240185600,Great snack for the cost,Not greasy like the typical gas station or convienence store sticks. These are meaty and very tasty. The 2 oz packs are a great size for a snack. The sodium level is a bit high but they are defitnetly one of the better beef jerky sticks available. I bought both the peppered and the hickory but I like the peppered better.
233166,B007TJGZ4A,A33KWJ9W35VDE3,Ed F,0,0,5,1332720000,great coffee,Gloria Jeans has a great product of Hazelnut flavored coffee.  The product is liked by all my colleagues.  The transaction via Amazon was prompt and efficient.  Will buy again from Amazon.
165545,B001QE7J2G,A1QF9W9CQV99HK,"R. Sims ""Birdy...""",0,1,5,1194307200,How much for shipping???,"This food is great. My German Shepherd does well on only 2 cups a day of the all stages formula.<br /><br />I've had a hard time finding it in my area as this is a smaller town. I am excited to see it available here but no where can I find out how much it costs to ship a 40lb bag?<br /><br />Amazon doesn't seem to have a ""contact-us"" option either, so until I can find out how much they charge for a 40 pound bag I'll just have to do without.<br /><br />If anyone can tell me what the shipping was on their bag I'd love to know.<br /><br />Thanks,<br /><br />Birdy..."
165950,B0009F3SA0,ACANXKE0K2TOO,bonifaceboniface,0,0,5,1321056000,Bedtime is Greattime Now,"Yogi Bedtime Tea totally crushes Celestial Seasonings' SLEEPYTIME tea.  I've tried both and the difference is amazing.  I have awakened at 3:00 am on some nights, made a cup of YBT and fell back asleep within 15 or 20 minutes.  It works everytime, so I take a cup of it every night about one hour before hitting the sack.  TRY IT!!!"
165524,B001QE7J2G,A3UXZ217EKX3AE,HerRoyalFlyness,0,0,5,1295827200,Two Paws Up!,"The adoption worker at our local humane society recommended this product because it is grain free and high in meat content.  Our dog loves this food.  We have a relatively small dog who is still in his puppy stage, and the kibbles are the right size.  It is a bit pricier than the supermarket brands of dog foods, but we think our dog's health is worth the extra minor investment."
79778,B001IZM92S,A27BRQ3HD18EEL,"R. Floyd ""rfloyd""",1,1,5,1326499200,Pretty Fantastic,"Wow!  Just got my first shipment.  I can't believe they taste this good, are organic, have no sugar added, and are so affordable.  I've already submitted another order."
79845,B001IZM92S,A34MFJ43VG3AHG,jb,0,0,5,1257724800,Best Ever,"Huge dried fruit consumer - this product is by far the best crunchy dried apple I've ever had.  Often dried fruit loses the underlying flavor.  With this stuff you can taste the apple, that's how good it is."
128179,B00014IVPQ,A3CH74P2NU093X,Mrs. DT,3,3,5,1296345600,LOVE IT,"I love that the shipping of this product was within the time limit, and it arrived fresh and it smelled to good. i use it on hair, mix it with shea butter for the body and hair actually. TIP: if you melt shea butter and add coconut oil to it and put it freezer overnight(so it won't be grainy) it will stay softer, i think because the coconut oil is not as solid as the shea. Also i use some coconut oil in my rice, sooo good."
79766,B001IZM92S,A7P8N1FPZ7DZ3,J. Hatfield,3,3,5,1320364800,A Quality Product,"A very good tasting dried apple. They retain the Fuji flavor and are quite sweet. I mostly use them in my cooked cereal and they plump up nicely and add a nice flavor. They are cut thinner and are more crispy and less chewy than the dried apples I used to take on camping trips, but with the lower moisture content they are more economical. The apples are well packaged and should stay fresh for a long time unopened. I have had no trouble keeping the opened package fresh by folding over the top of the original package and placing it in a gallon size freezer bag. I am on my second order and signed up for a subscription (additional discount and free shipping)."
165936,B0009F3SA0,A16P4CX2MW3R8J,S. J. Martin,0,0,5,1346544000,"Good tasting, effective bedtime tea","This is my favorite bedtime tea. I used to use Sleepytime, then Sleepytime Extra, but this product is better tasting and more effective for making me drowsy. The ingredients also appear to be higher quality. It has a pleasant flavor similar to chamomile but with other herbs added."
560288,B002UT92EY,A18TO4MRVHZ5AY,L. B. Simons-Lane,5,13,1,1282694400,"My cats loved this, however, beware","My cats loved this, but when I was dishing it out one day I found a piece of rubber in one of the food pellets.  It might have been just a fluke, but I can't take the risk that there might be more.  I threw out the rest of the bag after that."
88646,B000PMJLJO,A3VZIFXZ64ABCE,"Steven B. Mills ""tread""",0,0,4,1258761600,better than the rest,peppered beef steak tastes better than other flavors offered by Jack Links......i actually have only tried the kc bar-b-q. but the other reviews say this flavor tastes the best.
152295,B000LKZD4W,AN7TFQ6TWUC9I,Charlotte Bronte,1,2,5,1265500800,Yum Yum,"Upon receiving these, I was very surprised regarding such good packaging of the product, but upon eating it was amazed. This vegetarian product is one of the nicest I have had the pleasure to enjoy for quite a while. I cannot compare this to the real thing, since I have never tried the real thing, but if this is not acceptable to vegetarians, vegans and non vegetarians, I would be most surprised."
549685,B004779XNW,AMFVLGQSV1X3R,David Stynchcombe,0,0,5,1332806400,Best Coffee Ever!,Green Mountain Dark Magic is delicious coffee! I love starting my day off with this coffee. I highly recommend you try this coffee.
310103,B008EM51FA,A3FDIDWWKXTTS8,Shelia Brannum,0,0,5,1350604800,Ginger Crystals,The instant Ginger Honey Crystals are great. I love them. When I feel like a cold is coming on I have a hot cup and it works wonders and makes me feel better.
233365,B007TJGZ4A,A118X15UYPECN6,"Leslie D. Frey ""Leslie Frey""",1,1,5,1267315200,Dave's Review of Gloria Jean's Hazelnut Coffee,I have been using this coffee since purchasing my Keurig B60 brewer. It is a great tasting flavored coffee which I start my day with. I drink anywhere from 2 to 5 cups a day depending on what I'm doing. I spend 6 to 10 hours a day on the internet marketing and the coffee helps me get through the day. I highly recommend this coffee for anyone who likes a great cup of delicious coffee.
233337,B007TJGZ4A,AIC7Q6JH3HACU,CurlySou1,2,2,1,1304899200,Something went TERRIBLY wrong!!!,"I received this Gloria Jean's Hazelnut coffee this weekend; the same brand from the same location I've always gotten it (in fact, its a Subscribe and Save order).  I went to make coffee this morning and almost all the coffee grinds came out of the pod.  I thought it may have been a fluke so I tried 2 more times...both times with the same result.<br />To make sure it wasn't my Keurig I tried a different brand of coffee that I had at home and it worked fine, no coffee grinds at all.<br /><br />I don't know what happened, but this lot of GJ Hazelnut is NOT GOOD!!!"
549670,B004779XNW,AFE275TD1871Q,Tangible,0,0,5,1337126400,"Don't believe ""best value""","This coffee is my favorite. Amazon offers many box sizes, at various prices. The one currently marked ""best value"" is from an unknown third party, and is actually one of the most expensive. Shop carefully."
501061,B000YVGMZW,A2T875QZZMQ70L,Soccer lover,9,9,5,1264809600,Quality and taste,"This really is the best tuna on the market, hard to find tuna like this in stores and really hard to find tuna in olive oil.  Great for sandwiches and salads but really hard to beat the quality and comparing to the specialty store in my area that sells at twice the price this is a value.  Much better than the Progresso brand we bought a few months ago, just more consistent."
233175,B007TJGZ4A,A2B7S65DT5K1Y0,M. Draper,0,0,5,1326412800,My Favorite Keurig Coff,I dont know who this Gloria Jean is but I sure love her coffee beans.  This is hands down my personal favorite coffee.  I drink it everyday and never get tired of it.  Give it a try!
165636,B001QE7J2G,A15A2KHW0KHJ8D,James Archer,2,3,1,1277596800,serious diarrhea - I would like to rate even lower,"I am very involved with dog rescue - in fact I am a founding board member of a large and active rescue group that adopts 500 or more dogs per year while keeping very high standards with the placement standards.  We (as a dog rescue) have used Canidae for years and recommended it to many adopters, but recently we (personally) have seen problems with our dogs', as well as dogs throughout the rescue, stools.  We have had many cases of serious diarrhea, and when talking to local Veterinarians we use, have found that many have seen recent issues with Canidae causing their client's dogs to have similar diarrhea as we have experienced.  I know Canidae has in the past changed their formula causing problems and it appears to have happened again.  It is a shame because we have had good success with the food, but we (both personally and as a dog rescue) will no longer use this product."
268252,B0040K41MY,A31RNXQHD106YY,"Stephen O. Murray ""Stephen O. Murray""",1,2,3,1338508800,"Could be worse, should be better","I must start by stipulating that my body is gluten-tolerant and sugar-intolerant (adult-onset diabetes). 7 Grams of sugar in a 30-gram (2/3rds cup) serving size is IMO too much for a healthy cereal. And unless one is gluten-intolerant, gluten (a protein that is what makes grains nutritious) is a good thing. Sticking to objective matters, the vitamin content listed is 0%, 0%, and 0% of the official minimum daily requirement, and I presume if more were listed there would be more 0%. The exception is iron, with 4% (contrast the 45% from Special-K),<br /><br />Also leaving aside the rather loose legal requirements for labeling something ""organic,"" the list of ingredients does not strike me as particularly healthy, beginning with cornmeal and sugarcane juice (called ""cane juice""). I wonder what ""organic molasses"" is, while doubting it is a health(y) food and wonder what ""natural vanilla flavor"" is. I'd bet that there is little real/organic vanilla in the mix! I'm not sure what the protein source is, probably some quinoa, but the 2 grams (/30) is respectable.<br /><br />Turning to the highly subjective matter of taste, the vanilla flavor comes through, particularly in the variant on Sugar Pops, one of the three disparate textures included, along with flakes (texturally like Corn Flakes, and small textureless bits. This is the order, from top to bottom, that the textures separated out on the way to me.<br /><br />I liked Sugar Pops when I was a child (but put away childish things when I ceased being a child). The Nature Fresh pops taste sweet, though less sweet than I remember Sugar Pops tasting. I already said that the vanilla ""flavoring"" comes through. Some complain of an unpleasant vanilla aftertaste but I did not experience that. To me the taste was OK with no aftertaste.<br /><br />I don't see any reason for anyone who is gluten-tolerant to buy the expensive (and to me pretentious) sugarcane and cornmeal (these are the the main ingredients, though the list of ingredients also includes currently fashionable quinoa and flax seeds) mix of textures. There are breakfast ""cereals"" with organically raised components that are more nutritious and no more expensive.<br /><br />(I severely doubt that a box of Crunchy Vanilla Sunrise with provide any real persons 10 servings. ""Serving sizes"" are generally suspect, but for breakfast foods the usual one is a cup. Given that the pops that are tops or at least rise to the top have a lot of air in them, claiming the serving size is 2/3rds of a cup is particularly disingenuous.)"
560283,B002UT92EY,A3QKRKODKBN4Q1,Layla B.,0,0,5,1312934400,No more throwing up or hairballs!,"What a relief! After almost a full bag between 2 cats, neither has thrown up since starting them on this food. I had started feeding them wet food around January because one of my cats had crystals in his UT. The vet recommended very expensive dry food (which was meant to make the cats very thirsty therefore would drink a lot of water which helps dissolve the crystals) Anyway, I ""googled"" the whole crystal thing and found that wet food can also help with crystals in the UT. For about 6 months they had nothing but wet food, and never drank a drop of water from their dish! I was amazed, and the crystals in the UT cleared up. Then, about 2 months ago they both started to throw up. I thought of a few different reasons, but could never come up with a conclusion. I had originally been feeding them Blue Buffalo dry food for many years, but not the Wilderness kind. I thought I'd check it out, read the reviews and found others had some success with this food and helped with not throwing up and hairballs. I AGREE!! The cats love this food, but they aren't that picky either. I'm ordering my 2nd bag today!"
79772,B001IZM92S,A3UVT08IJ0E7O0,S. Caplan,2,2,5,1245974400,Great HEALTHY snack,"Great product. No fat. All natural, nothing added. Great crunch and taste! Favorite company by far!"
268317,B0040K41MY,A3GK1O5S6188AJ,Amy Willingham,0,0,4,1342656000,Crunchy & Sweet,I really did like this one for it has my two favorite things when it comes to a cereal: Crunchy & Sweet. I didn't think the flavor was too overdone and I could taste the vanilla just fine. In fact I tend to eat cereal with soy milk and sometimes even vanilla soy milk so I really got a huge shot of vanilla. My hubby really liked it as well and he tends to like super sugar sweet cereals and thought this was just right maybe not even sweet enough for him. This might not be for everyone since people tend to like different things but I everyone in my home really enjoyed it and so might you.
501094,B000YVGMZW,AQYYA7XI6ZRO1,J. Durren,1,1,5,1296432000,"Sorry, Charlie","Given the choice, I'd eat tuna packed in olive oil pretty much every day. Alas, mercury levels say it is not to be. Still, with a few crackers it makes an excellent lunch to keep in case of emergency at the office. Add half an avocado if you're feeling extra-festive. Don't keep that part at the office, though. Also excellent over pasta, perhaps with some lemon and capers or a few olives.<br /><br />This tuna is just salty enough to be tasty with nothing added, moist, and most cans consist of fairly large chunks. Some cans have smaller, shreddier bits, but on the whole it's of excellent quality.<br /><br />I had consistently purchased the Genova brand at local shops, but with Subscribe and Save, Amazon offers a better price. And you definitely can't beat the convenience."
88639,B000PMJLJO,A2OBDNQ5ZYU1L8,"Diana De Avila ""MS Gkygrl""",0,0,4,1279411200,"Thick and chewy, not traditional jerky but delicious nonetheless","I am in search of a good jerky and just had to try these.  I guess I paid little attention to the label ""Beef Steak"" versus beef jerky.  These pieces are thick and chewy and very peppery (in the original flavor).  I [personally find that I have more of an affinity to the regular, thinner sliced jerky over these ""beef steaks"" ... but we bought two boxes and are certainly enjoying them.<br /><br />These 2-ounce packs are filling, packed with protein and provide a great mid-day energy boost.  They travel well and the Jack Links brand has not let us down.  With so many varieties, we will be trying more.  These were a pleasant surprise and were different.<br /><br />Keep in mind that this is a thicker cut, 2 oz packs have 1280 mgs of sodium per serving.  Quite a lot!  Also, keep a toothpick or dental floss nearby, you'll need it!<br /><br />Very enjoyable nonetheless."
549898,B004779XNW,A35XQBEXZND824,Brandon,0,0,5,1347926400,Pretty good stuff,"I think a lot of the coffee the Keurig makes is kinda weak, but this stuff is the way I like it! Good flavor and it's strong!!!"
549821,B004779XNW,A3CDL81ZM520R9,C. Skiffington,0,3,2,1270425600,ok slow shipping though,I order this for my brother-in -law as he likes this coffee but the shipping on it was very slow it took longer than I thought it would.
442313,B0030HSFW0,A3BXC0TUKI5F96,ONExLOSTxSOUL,0,0,4,1337472000,easy to get,"i ordered these because they are easier to get then to drive to around town looking for them, when i opened the pack it had a horrible smell i mean i know what they are but every other brand i buy don't smell also when i went and soaked a few test cases 1-2 looked normal and 1-2 looked like it was still dried out and that was after about 2 hours of soaking because i thought it was just dry still but no that's just the way it looks anyway they taste fine worth a try but im still going to buy another brand next time to see if there any better"
233162,B007TJGZ4A,A1E1YEAS7OU3QF,"Marilee ""Mare""",0,0,5,1335052800,Gloria Jeans Hazelnut K cups,"I absolutely love this k cup coffee,i've tried quite a few k cup flavors and always return to Gloria Jeans Hazelnut. You can't purchase it for less anywhere, that's a plus. Guests who prefer regular coffee not flavored comment that it's very enjoyable, not overpowering. Thanks for making these k cups available."
560238,B002UT92EY,A3SJAFBSEP4S1D,Sarah G,18,18,5,1273968000,Cats love it!,My cats love this food! They are maintaining healthy weights and look wonderful with soft shiny coats and clear eyes. I highly recommend this food. This food may cost more than grocery store brands but you are getting real food into your cats and you will actually feed them less and they will be healthier.. also feeding them less means less poops! Important when you have multiple indoor cats ;)
88630,B000PMJLJO,A89SUO04NLQTD,Abdo,0,0,1,1300320000,Bad Service,I bought 2 Jack Link's Beef Steak pack of 12. One of the two packs was open and had only 11 Beef Steaks. Also the meat is very tough to chew unlike when you buy from grocery stores.
540239,B0006SDRRE,A76G8OLR0IWSQ,Merrilyn,0,0,5,1256342400,the last tea you will ever want to drink,"This tea is so awesome.  Perfect blend of cinnamon and orange in black tea.  I had gotten some from my daughter-in-law for Christmas one year.  She lives in Seattle.  So everytime I went back I bought at least 10 boxes.  I drink it everyday, yes even in our hundred degree weather in Phoenix. I was so excited when I found it on Amazon.  So now I order it 50 bags at a time.  I store some in a glass jar in the refrigerator and the rest in the freezer.  Bring it out for guests, they will love it and sit down and enjoy a cup for yourself."
501122,B000YVGMZW,A591B9XSUG2NR,R. Birnbaum,2,15,5,1306972800,Terrific Tuna for the Americas,"Wonderful taste for twice-a-week consumers,great taste for us regular American gals=non-fussy,conservative for the majority of Americans....Tuna keeps us able to function-regardless of whether we're actresses or pipe fitters...keep that realistic food coming...keep your arugulas for the nut job metrosexual lefties of the metrosexual nut jobs...real ,realistic Americans need meat and variety....Mexican guys will side with this..."
88656,B000PMJLJO,AZYMD9P9F9UZ6,W. Coombe,0,0,5,1239148800,Good Jerky,"I like the peppered flavor a lot better than the original or plain, it does have a good cracked pepper flavor. I also think the quality is better than most other brands that I have tried. I like the 1 oz. packages and great value compared to buying individually."
501088,B000YVGMZW,A3BIWI671GGWKQ,J. Woodall,2,2,5,1255651200,"Great Tuna, Fast Shipment","My wife and I took a trip to Europe and she fell in love with Tuna in olive oil.When we got back home, there were not many places to find it and if we did it was really expensive. We found this Genova tuna online and ordered right away. It was at our house within 2 days and ended up costing about the same price as a regular can of tuna at the store. This is a great deal!"
79790,B001IZM92S,AGL16UI9DBAIN,La,0,0,5,1346630400,Fiji apples chips are crispy and naturally sweet,"Love these dried apple snacks- no added sugar. As expected, the Fiji apples ones are crunchier and sweeter than the Granny Smiths. But they tend to crumble more- wish they can packaged in the resealable bag like the Granny Smith variety! Much better price ordering in this bulk size- they do not last long since they are so tasty!"
268243,B0040K41MY,A1B05INWIDZ74O,M. A. Ramos,0,0,4,1338422400,A Crunchy Vanilla Treat,"I found it as a sweet treat and with 7 grams of sugar it is no wonder. This cereal list a long list of ingredients that include whole corn meal, evaporated cane juice and  molasses. The box only seems to highlight two main points; that the cereal is Gluten-Free and organic. But there is also an appropriate warning that it is produced in a facility that uses peanuts, tree nuts and soy. I only added milk to the contents of the box and enjoyed the vanilla flavor and did not notice an aftertaste. I liked that it stays crunchy while in milk. This is not a cereal I would eat every day but as a treat. I would eat this again but I would not seek it out."
233332,B007TJGZ4A,AGQB7D61U9RW,Coffee addict,0,1,3,1255996800,Mediocre taste but no mess,"The K Cup system is great for quick coffee with no mess, but the taste is ok at best."
549805,B004779XNW,A2CSZ87RO4912T,"M. MCKNIGHT ""reviewer""",5,8,5,1168905600,Magical,"A slightly aggressive approach gives way to a fullness that is unmatched by the other so-called extra bold varieties. The finish is crisp, clean, and ultimately satisfying.  After several cups, one begins to contemplate that there might be an even darker, more fulfilling blend out there somewhere, perhaps being plucked from deep within a jungle or rain forest, or the side of a volcano.  Perchance there is, but until that is discovered, I must continue to let the magic wash across my taste buds, and deal with the sadness that follows the completion of a cup, knowing that the next cup has yet to be poured.<br /><br />Salut."
88658,B000PMJLJO,AZYMD9P9F9UZ6,W. Coombe,0,0,4,1238630400,Good Jerky,"I like the peppered flavor a lot better than the original or plain, it does have a good cracked pepper flavor. I also think the quality is better than most other brands that I have tried. I prefer the 1 oz. packaged."
549765,B004779XNW,AI3I4K7KXWDEX,love2shop,0,0,5,1307664000,Great coffee,I'm about to order another shipment right now. Great flavor! I bought it for the Kuerig maker at work and everyone loves it.
165574,B001QE7J2G,A3LY5F58098WPR,"Audrey J. Orek ""ChevyF16""",7,8,5,1200873600,Excellent. Product HAS NOT changed.,"I have been a Canidae (PAWS) customer since Feb 07 (7 lg dogs). I previously fed them Purina One, switched to Blue Buffalo in Dec 06, then Canidae in Feb 07 (food scare for Blue Buffalo). I am very particular about what I give my dogs: dog of 10yrs died/cancer and had 2 knee replacements due to arthritis/joint issues. My Dogs are doing great on Canidae. I just spoke w/ Canidae less than 2 mins ago and they HAVE NOT changed their product at all. I read the review from the person that once gave this product a great review and now thinks the product has changed due to her dogs' digestive issues (or something like that).  I left a msg for Canidae about 20 mins ago, and they already called me back at work to answer my questions (unlike Blue during the food scare).  If you have seen a blog concerning something about Acetaminophen being in Canidae, that is false. Some lady said she had Canidae and some other foods tested by putting them in a baggie together...blah blah, any way it was a false allegation but the internet spreads rumors like wildfire. I drive 2 hrs to re-stock on Canidae. Highly recommend."
79771,B001IZM92S,A34MM3F7Q0VTIT,Chiweenie Lover,2,2,3,1285545600,"Tasty, but are like crumbs!","I've been buying Bare Fruit's dried granny smith apples from Costco for a while now-large 14oz bag was less than $5. I bought 4-6 at a time because, just like Costco, they're known to discontinue good items!  Well, they did - Bare Fruit now sells their Cinnamon apple chips, which (to me) aren't good at all-too much of a good thing (cinnamon) just makes me sick after about 10 chips. Bring the grannies back! So I decided to look on the internet for an alternative & found these Fuji dried apples - they're really good (not as good as the grannies), but almost.  The only issue that I have is that I bought 4 bags (2 packs) and the chips are like crumbs-kinda like the bottom of your cereal when you're about to run out.  I was hoping for larger pieces - more like chips! These are remnants, sadly. The pictures shows full, round apple pieces - I had not ONE full apple chips, 98% were 1/2"" in size and I had to pour them into my mouth like crumbs.  Very disappointed!!!"
128197,B00014IVPQ,A2W16M29JPW14S,B. Nixon,1,1,5,1310860800,Coconut Oil,"I am glad I tried this. The flavor of coconut isn't strong, so cooking in it leaves a subtle flavor that doesn't overpower. I had read that it is nutritionally good for us, so I thought I would give it a try. I like it."
560246,B002UT92EY,A3J8JU17BU7BDP,"E. LaSpada ""ealaspada""",5,5,5,1308182400,Another believer,"One more personal testimonial to add to the rest. My Siamese has been prone to bouts of vomiting all his life, but 7 months ago it became chronic. He wouldn't eat or even keep liquids down, and in addition to many vet visits (totaling over $1500), my having to give him sub-Q fluid therapy myself, and a prescription diet, he was not improving (they tentatively diagnosed pancreatitus).<br /><br />In desperation, I combed the internet and saw many references to vomiting cats having corn allergies. As corn was listed as a major ingredient in both my cat's regular diet (the expensive Royal Canin Siamese food)AND the vet given Rx food (Hills), I searched for an alternative to try. I read a review on this page for Blue Buffalo and tried it out. Long story short (perhaps too late), it is 6 months later and my cat is happy, healthy and has vomited only twice in that time (yes. hairballs).<br /><br />It makes perfect sense. Cats in the wild do not eat grains. End of story. And my cat, notoriously fickle, took to it immediately. I highly recommend it. It's a little pricey, but cheaper than vet bills and a miserable cat."
152328,B000LKZD4W,A195135207HS76,R. Hubbard,3,3,5,1236124800,absolutely delicious,"Vegan or not, teriyaki primal strips are utterly delicious.  I cannot get enough of them.  The flavor is unimaginable.  The texture is incredible.  Everyone I have given samples to has been amazed.  They are expensive, as far as that goes.  But you cannot go wrong on flavor and texture.  These are so darn great that I have't tried any of the other flavors or textures so far."
79813,B001IZM92S,A2U0F1U8LM1HXH,Big Ronnie The Rocket,0,0,2,1326585600,Pretty awful,"I was pretty disappointed when I received these. They just don't seem to taste right, and the texture just seems off. I opened the second bag hoping it would be better, but more of the same. I would NOT order these again."
233223,B007TJGZ4A,A1J3ABJXPPFO9S,David Azar,0,0,3,1298937600,Great Coffee Flavor,"there is a little chemical kick but not to bad, as far a keurig goes this is the way to buy"
128204,B00014IVPQ,A1VAKXK2NKVCVX,Betty Brown,1,1,5,1291939200,Great for the hair!,"I purchased this product yesterday and eat a teaspoonful (tasted like a tasteless oil and after I swallowed it, the after taste was coconuty and pleasant) I gave a small amount to my daugher also. She has cornrow braids so I greased her scalp with the coconut oil because I heard this is also good for the hair. I greased my whole hair and slap with the oil. Today my hair feels softer then before so I am happy with my purchase. The benefits are numerous. I will start cooking with it this weekend."
79827,B001IZM92S,A2EKQQPVMWGJ9C,Joshua Olshan,0,0,5,1311120000,Much cheaper in bulk!,"I love these apples but they were expensive in small amounts.  These were wonderful, we just kept them in the bag they were shipped in and closed it with a chip clip."
268266,B0040K41MY,A1N5FSCYN4796F,"Philip R. Heath ""Gadgets, Music, & Books""",0,1,4,1337990400,Gluten Free Organic Vanilla Cereal,"I love trying different healthy cereal options, and the latest to make its way to my cereal bowl is Crunchy Vanilla Sunrise from Nature's Path.  I found this to be a pleasant tasting cereal with a good crunch.  It is made almost exclusively of organic ingredients, and nothing on the nutrition label seems out of line.  Here's the bonus:  it is also gluten free.  I have a family member on a gluten free diet, and it is nice to have an option that is affordable, tastes good, healthy, and gluten free.  So you may be wondering, ""Is there a downside?""  The only thing to be cautious about is the cost.  The box of cereal is only 10.6 oz., and it is not cheap (however nothing gluten free is).  Other than the cost, there's really nothing not to like.  I recommend this to anyone looking for something healthy, gluten free, and vanilla flavored."
128190,B00014IVPQ,A2DNN9TZXMUGGC,Miss Marie Mom to 3,1,1,5,1339459200,the ONLY coconut oil in my pantry!!,"LOVE LOVE LOVE!  I use this in food, on my face, body, my hair, as a base all my homemade creams/lotions... love love love. What can I say more? I order a 16 oz jar once/mo or the 32oz every 2 mos. I've tried 2 other brands (Barleans & Store Bought junk, LouAna (before I knew better) and this has been a staple in my pantry for 2 years or more. I can't go more than a day without it. I have coconut oil in small glass jars in all my bathrooms labeled for body so I know I can hand dip. I use this in my stainless steel pans prior to cooking pretty much anything. I use it in brownie mixes and pancake mixes... anything. LOVE IT.<br />I will most likely never switch to another brand. I like what I like and I'm sticking with it :)"
442323,B0030HSFW0,A21B6UCSSIU1O4,BrittSan,0,7,4,1323734400,Not what I expected,I got my husband the kitchenaid sausage stuffer for christmas and ordered this as well. Its like sand in the bag. Im guessning thats how its supposed to be. lol i have no idea!
560270,B002UT92EY,A2EWNDVV6V3LA2,Daniel Buckley,5,7,1,1322611200,"Cat liked it ok, but quality control issues","I ordered this to help my cat's digestive issues and he seemed to like it.  However, I immediately stopped using it when I found pieces of string sticking out of several of the pellets.  Like the other reviewer who found rubber inside, it could just be a fluke, but I don't like taking chances and switched to the Organix (which my cat loves)."
128224,B00014IVPQ,A10JIEY222LM1K,Di,0,0,5,1338854400,i use this for everything,This product is wonderful. Slowly but surely this is being spread to all of my relatives and loved ones. Definitely give it a try.
540273,B0006SDRRE,A2KOBYVCR28XZL,"Bruce Clark ""Long Valley, NJ""",0,0,5,1143331200,MarketSpice Tea,"My wife and I first encountered MarketSpice tea when we lived in San Diego years ago, and it has remained our favorite tea by far. Periodic shipments of the bulk tea bags have kept us well-stocked.  Definitely worth sampling if you never tried it!"
215499,B0014X5O1C,A3UQ3PNURYB0N3,Daniel Sutton,0,0,5,1265587200,Izze is great!,"Dear Amazonians,<br /><br />I first was introduced to Izze during a fundraiser for HIV/AIDS research in New York City.  I loved it!  The drink was so new at the time, that I was unable to find it at my local stores.  After some time, Starbucks started carrying this, and I bought it quite often.  After yet some more time, I noticed that Amazon.com was carrying it.  YAY!  Now I can use subscribe & save, and buy lots of Izze, a healthful and tasty drink that I enjoy very much.  There is no added sugar or artificial preservatives here, only filtered sparkling water and 100% fruit juice.  A fantastic find.<br /><br />I hope you enjoy this as much as I do!<br /><br />--Daniel"
165967,B0009F3SA0,A2E4THSPXDIIV9,"C. Osuala ""truthbetold""",5,10,1,1264550400,Yogi Waketime Tea,"This tea does not work at all. I bought it considering the fact that it contains Valerian Root, which is the tea that aids sleep. Completely disappointed. Did not help me sleep at all after 2 weeks of taking it each night. It didn't even make me a little bit drowsy. If you want a good night's sleep without taking sleeping pills, take Valerian Root Tea. If your nearby food store does not have it (Whole Foods- been waiting for 3-4 months), then just get it online. Amazon has some really great prices. And yes, Valerian Root Tea Smells like straight up poop, but one bag knocked me out after 30 minutes and I suffer from MAJOR insomnia. Hope this helps. Do not get this tea!"
152283,B000LKZD4W,A3HX1AL08JX9VI,Joan M. Caron,0,0,5,1219622400,Absolutely a very delicious snack!,A fantastic handy snack high in protein.  Healthy and so delicious you will want to eat the whole bag!
165539,B001QE7J2G,A30E7VN59NDR0I,Matthew Bowen,1,2,1,1229558400,Beware the new formula!!!!,"I have been an avid Canidae supporter for about a year and a half.  My breeder recommended it and I was VERY impressed with how my dog responded.  However, a few months back they changed their formula, (they also lessened the bags from 40 to 35lbs AND raised the price!!!!) and it is terrible!!!!  I went through 2 bags and couldn't understand why my dog was consistently producing loose stools, when she never had before.  Randomly, I found 1 bag of the old formula left at my local dealer so I bought it.  Immediately her stools firmed up.  Now I am again on a bag of the new formula, and again my dog is sick.  I am done, I will no longer support Canidae.  Do not buy it!  Do your research, at this kind of money there are A LOT of better dog foods out there."
165910,B0009F3SA0,A1KXONFPU2XQ5K,Stephanie Manley,4,4,5,1225584000,A better tasting sleepy-time tea,"I have not always been a serious tea lover, but this tea has really changed my mind about how wonderful tea can make you feel.  This bedtime tea has a much more rich and complex flavor than other sleepy time teas.  It does contain natural ingredients that may affect medications that you are currently taking, so please read the box.  I enjoy this tea in the evening.  It has a very rich flavor that does not need to be sweetened.<br /><br />I love the packaging so you can take some with you if you are traveling.  Included on every tea bag is an uplifting fortune.  The price here is so much cheaper than my natural health store.  I can buy the package of six here for what three boxes of tea cost at my local store.  All in all I really enjoy this tea, and have given away several packages as I find this tea relaxing and tasty.  If you are looking for a new bedtime tea, I would highly recommend this tea for you."
152338,B000LKZD4W,A35OXFCNXOQNUI,kjade,2,2,5,1213660800,finally!,"i've searched high and low for a delicious, healthy, meatless jerky product.  i'm a pescatarian, so tuna/salmon/halibut jerky is great, but super expensive and often incredibly high in sodium.  i found these in the aisles of pcc and absolutely fell in love.  first thing i did was search amazon for them, and here they were!  the price is better, and i knew i would eat these every day.  i take two to work and have at least one at home.  i would recommend these to anyone, carnivore or vegan, looking for a delicious, healthy source of protein.  wow!"
560280,B002UT92EY,A7SBTPBN23V41,Zeus,0,0,5,1329264000,The Best!,"Blue Buffalo has a long standing reputation for making top quality dog and cat food, and this product is no exception. While it is pricey, it is worth every penny. I noticed a much improved coat, among other things, on my cat after switching her to this food. One very important thing to note on this food, is that is grain free. Grain free is much higher quality food as grains for dogs and cats are not in their ""normal"" diet. The different flavors also make a big difference, so try different ones and see what your cat likes best!"
549662,B004779XNW,A1TTRAZQQ645GN,Boston,0,0,5,1340841600,Boston,"What a great purchase.  I was originally looking for the ice coffee k-cups but they are ridiculously expensive (I feel).  After reading that their is not much of a difference and I was most concerned of the ""watered down"" taste so I thought and ""extra bold"" strength would do the trick, which it did!!!! I will be buying more soon and in a larger quantity now that I know how well it works ;)p"
165579,B001QE7J2G,AYUWG8PVGRJ6R,Gayle Soucek,4,4,5,1325030400,Excellent food for all dogs,"I have used Canidae products exclusively for my dogs for many years, with great results. They have healthy shiny coats, and are active and beautiful. However, my Sheltie-Chow mix had recurring ear problems all her life. The vet couldn't identify the problem--her ears weren't infected--but they always looked red and irritated. We tried everything, but nothing really helped. One day, on a whim, I bought the new grain-free Canidae, and to my surprise her ears cleared up almost immediately. All the time we had been looking for an elusive infection, but apparently she just had a wheat allergy. To test the theory, one day I fed her a piece of bread (wheat) and the next day she was tugging at her ears. Back to the grain free Canidae! The dogs love it, and the Sheltie mix just passed her 15th birthday and is going strong."
79807,B001IZM92S,AWK7WZYFEMHD3,Ludmila Fomina,0,0,5,1335225600,"Great product, great diet snack, great for kids!",I just love it! All my co-workers bought them after they tried mine. My kids love them as a snack. These are crunchy and have sweet/sour taste. Sometimes you come across the chewy one. I like them too.
165948,B0009F3SA0,AJ7V338PKVY96,Skip,0,0,5,1324857600,Yogi Tea is great,"I have tried three different Yogi tea varieties and they are great. Compared to similary products that I have bought in the grocery store in the past, Yogi teas have more flavor and seem to produce a stronger infusion. They are about the same price as the comparable teas. The Bedtime tea is so flavorful that sweetening is not needed. The desired effect of the tea is to produce sleep and it works. I recommend this tea."
549722,B004779XNW,A2KN88YTQ72PUF,"C. Toohey ""irs28""",0,0,5,1319846400,Great Coffee if you like your Coffee STRONG>>>,Great deal and good coffee.  It is a little too strong for me but I am a wimp..  I will buy it again but I will get a different type.
501085,B000YVGMZW,AXJLS6H1WC765,CH,2,2,5,1272412800,Best Canned Tuna I've Ever Had,This tuna is very tasty right out of the can.  The oil is light and just the right amount.  It's not drowning in oil like most.  I tried this after reading the reviews on here and they're right.  It's like a whole different type of fish compared to local store brands.  Definitely recommend trying this tuna.
560253,B002UT92EY,A1IWT6KM1X8PNS,AZS,2,2,5,1327449600,So far so good.,"Almost to the end of the first bag.<br /><br />2 cats - both are more lively, softer fur, one of the cats that had a throw-up issue, this has not happened once since the switch to this food.<br /><br />I was appalled to find my old brand contained ""animal digest"" - common brand nothing ""generic"" either.<br /><br />A quick search turned up definitions like:<br />.....Animal Digest as ""a cooked-down broth which can be made from unspecified parts of unspecified animals."" The animals can be collected from almost any source. There is no control set in place over quality or contamination. Any kind of animal can be included: ""4-D animals"" (dead, diseased, disabled, or dying before slaughter), goats, pigs,sheep, horses, rats, euthanized at animal shelters, restaurant and supermarket waste, road kill, etc.<br /><br />GROSS!<br /><br />While not all of these may be used in pet food the thought of it was discusting. Do your own research and be prepared to run your grocery store bought pet food to the trash and order Blue Buffalo or another quality brand."
268242,B0040K41MY,A3A7Y3TSPPZU9T,amazongal,0,0,5,1338422400,Very Nice Gluten Free Cereal,"Very nice breakfast cereal; still maintains a great crunch when mixed with plain yogurt (my favorite way of eating it).<br /><br />Most important, this cereal is gluten free.  There are so few gluten free ready-to-eat cereals on the market.  This one gets an A+."
165576,B001QE7J2G,A2MUQG4M84JN3D,Lois Shetterly,4,4,5,1179100800,Excellent food!,"This has proven to be an excellent food for our 10-year-old bulldog.  She no longer has tear stains, and her coat is luxurious.  She actually eats less, because this food is so nourishing.  Heartily recommended!"
310085,B008EM51FA,A1ZPRJWAVMCBVC,indore,2,2,4,1339632000,STRONG BUT SWEET,a very strong authentic ginger taste. much denser then ginger teas. only issue for me is that it contains too much sugar.
165612,B001QE7J2G,AN11CQ48VEHSB,SFV,1,1,4,1318032000,Best dog food ever!,"I know my review is a little out dated from its earlier posts but, I love this food for my 2 labs.  I have never fed them anything else. I am giving it 4 stars due to the increase in price and decrease in size. I used to by it when it was a 40 lb bag for $38 or so.  Now it is 35lb bag and $42, atleast in my neck of the woods.  I know you can buy a 44lb bag, but that doesn't fit in my container.<br /><br />I started feeding this about 10 years ago to one of my other labs because he had cancer and I wanted to give him the best nutrition possible with out breaking the bank.  He thrived on this food.  He has since passed and now I have 2 more labs.  My labs are 7 and 5, and I have not heard of any change in formula, nor have I ever fed anything else.  I do remember a dog food recall a couple years back where dogs were getting very sick due to a contamination of sorts, but Canidae was never part of the recalled list, as far as I know.  I know all about gas, I have labs, no matter what you feed them they have some sort of gas.  I do not feed my dogs table scraps and use Milk Bones for treats.  As far as I am concerned a little gas is fine as long as it is coming out and is not stuck inside, that is when it becomes a problem.  All mammals have gas, it is a fact of life, to think you can prevent dogs from gas is crazy!<br /><br />I feel terrible for the dog owners that had sick pets.  I hope you found an alternative that you were happy with feeding."
215449,B0014X5O1C,AR5SY32T76DBM,Hugo D. Hackenbush,3,3,4,1211241600,"If you like Orangina, give Izze ""Sparkling Clementine"" a shot...","Another fine addition to the currently popular trend of so-called ""natural"" alternatives to traditional soda and other soft drinks, Izze ""Sparkling Clementine"" represents the designer soft drink genre at its best.<br /><br />At 80 calories per an 8.oz can, this juice beverage does contain less calories than real juice and normal soda, but can hardly be considered diet food. Still, vitamins C, B6 and niacin are added in low doses, it's low in salt and no corn syrup or sugar is added, relying instead on juice concentrates of grape, apple, lemon and orange to naturally sweeten... all good things.<br /><br />The taste of the particular flavor of Izze that I sampled, ""sparkling clementine"", is clean, fruity, refreshing, yet not overly sweet.<br /><br />In fact, for those familiar, Izze ""Sparkling Clementine"" is strongly reminiscent of the ""Orangina"" brand of soft drink, minus the pulp... a personal favorite of mine.<br /><br />All in all, recommended."
165947,B0009F3SA0,A2CH3AVJI0UR3P,C. Morris,0,0,5,1329264000,Tastes great and does what it's supposed to,"When I have trouble winding down, I make myself this tea. It has stevia in it, so once I weaned myself off of needing REALLY SWEET tea, I realized that I don't need to add anything to it. The longer it steeps, the better it tastes. This is what started my love affair with Yogi teas. It's usually about $4.50 a box in the grocery stores (DC area, so your mileage may vary), so the subscribe and save option on here, or even just getting one six pack, is a HUGE savings. Highly recommended."
128223,B00014IVPQ,A1IFXAFKWDW0AC,Donna C. Rideout,0,0,5,1339891200,Great Coconut oil,This is the best coconut oil I've tried.  The price is right and it is an excellent product.  My good cholesterol has gotten much higher and even my doctor noted that.  It tastes good in oatmeal and I use it in my coffee also. It's just good for you and tastes good too.
540264,B0006SDRRE,A3KIR7PXLD46G4,J. King,0,0,5,1168473600,Market Spice Tea,Can't beat it!  This was made world famous in Pike Place Market and is now available on the internet!
79800,B001IZM92S,A1BA2XXT22Z4RW,K. Sibliss,0,0,2,1340668800,Back to the store for me,"I bought this snack in a store initially and fell in love with them, I must say I really enjoy the taste, I love that it's all natural and low in calories, the product gets a 5 star for taste. I ordered the 1 pound bag on auto-delivery but I must say I'm dissapointed because about one third of the bag was crumbs. The pieces are so broken, I cannot eat them as chips as intended. I waited until I opened the second bag before writing this review but I'm really dissapointed at the amount of crumbs/really small broken pieces that were in the packaging in the second bag as well. When I buy them in the store, almost the entire bag are large chips. I have discontinued my auto delivery. I guess I'll just continue to get them at the store. What a let down."
165955,B0009F3SA0,AYUD92ZF96ZLN,Sue Stiling,0,0,5,1304985600,Yummy..,Really good stuff.  Has more and better ingredients than most sleep aid tea.  Can not find it everywhere either.
88650,B000PMJLJO,A13WBUX01Q4D35,A. Beckstedt,0,0,2,1246233600,It's beef jerky ...,The taste on these are just not right and what I was expecting. I thought it would taste just like the bagged jerky but its not. I would stay clear and stick with the bagged jerky.
88609,B000PMJLJO,A3Q816H5AFX2SB,"J. Luk ""Techie""",1,1,1,1263254400,Like licking a salt cube! 1470mg of Sodium!,"After trying the teriyaki flavor of these beef steaks, I decided I would try another flavor so I ordered these peppered ones.  The flavor is really like throwing a salt and pepper shaker into your mouth.  You never really get a chance to taste the meat since your tongue is overwhelmed by this cloyingly salty, stale pepper flavor.  The worst part? There is 1470mg of Sodium in a single package, which is a whopping 61% of your daily value of sodium for the ENTIRE day."
88605,B000PMJLJO,A1P6US8I1D57YU,"Carl,",1,1,1,1342310400,this thing has a molding issue.,"finished half of one steak, the other half dropped on my desk, so i picked it up, saw those nasty white mold on it. makes me sick.<br /><br />i've seen other reviews saying it had mold issues, i didn't really take it serious since i lovED it.<br /><br />now i see the problem, not over due, not under the sun, not in high temperature.  white mold.<br /><br />just found out this today,  i usually don't write reviews. but this is really really..  i can't think about it anymore. just..<br /><br />try not to buy it, or just buy the ones in 7-11  at least u can see it b4 u buy it."
560260,B002UT92EY,AHA9SPGZX4OE,Marcia Martin,1,1,5,1331251200,My 4 Cats' Favored Food,"I love this food. I was so happy to find a food that was 40% protein. The grain-free food I had been using was 50% protein. I was concerned that might be a little high for my less active cats. I am  totally comfortable with Wilderness. My next concern, though, was that one of my cats was sometimes constipated. No grains ~ no oats ... I was told it is better to deal with feline constipation using food over laxatives or petroleum-based products. I was at a loss, but now Blue Buffalo has come out with a Wilderness grain-free formula that has added dried cellulose, which is a natural fiber. It has 5% fiber content. It also has slightly lower caloric content than the regular Wilderness. I can't wait to try it!! My cats absolutely love Wilderness!"
549825,B004779XNW,A143N92CMDEA12,Mktmavin,6,15,1,1277337600,Should be a two-for,Been buying Dark Magic for 4 years- it's my favorite.  Was this supposed to be the price for a 2 Pack?  Never paid more than 50 cents a buzz before.
88669,B000PMJLJO,AQLL2R1PPR46X,grumpyrainbow,0,0,4,1178668800,Good,"Good quality jerky.  Not too hard.  Taste like real meat.  A little hot for my taste, so I gave it 4 stars.  I would get the plain.  It's pretty spicy."
442278,B0030HSFW0,A8SR7C1144KII,"S. Tadman ""Tadders""",5,5,4,1326672000,We made our own sausages!,"So first time we tried to make our sausages!  I did a bunch of research and these skins seemed to hit the mark based on the website specs for what we wanted.  We made various styles of meat sausages and the skins wokred out great, you have to be very careful not to over fill them, but this is more of a user controlled thing than anything that the skins could do differently.  The onyl downside for me was the quantity, I would have preferred multiple smaller packets inside the pouch, there was so much skin that you could have made sausages for a family for a year!  The product packaing suggested that the skins wouldnt last that long once the seal was broken so we prepared them all in water ahead of time and then tossed the stuff we didnt use."
310116,B008EM51FA,AGRRQ5J87YLAS,Rachel,0,0,5,1329523200,Good stuff!,"I bought this for the benefits of ginger and honey, and based on the high reviews. I enjoy hot teas and drinks in general. When I first tried this drink it was a little too spicey for me. I tried cutting it in half and that worked ok. The best solution for me is to add in a little cream or vanilla soy milk. It makes it creamy and just a little spicy like a chai tea. VERY enjoyable and soothing when not feeling well. It's also come in handy for morning sickness recently."
560264,B002UT92EY,A22ZXW1S8SUX30,zgirl,1,1,5,1323475200,My kitty loooooves this food!,"I switched to no grain food several years ago when I realized my cat has a grain allergy. I have tried many brands and this one stands amongst the best. The added perks are it shipping for free for Amazon Prime members, this saves me a trip to the nearest pet food store that carries this type of food an hour and half away. I also use an automatic feeder and the kibble size is perfect. My cat is always excited for meal time!"
79760,B001IZM92S,A16ZF6TCYWMIGT,"Chocoholic ""Vixen""",27,27,5,1284681600,"Excellent, but keep them in the bag they come in!","These are amazing! Sweet, crunchy and satisfying. It may seem like alot to buy, but they go fast! *********WARNING: The best place to store this product is in the bag it comes in! The bag must be specially designed to keep out moisture. I kept some in a ziplock bag and the rest in the bag they came in (just clipped it closed with a binder clip) and the ones in the ziplock bag got soft pretty quickly, but the ones in the bag that they came in stayed crunchy and are still crunchy."
165543,B001QE7J2G,A2YJXRMQLRY81F,potomac_ginger,0,1,3,1348704000,Great food - huge price increase...,"This is a great grain free, alternate protein dog food.  We've been using it for years for a pup that seems to have every food allergy under the sun, and he's thrived on it.<br /><br />In one month (Aug-September, however, the price jumped from $59.99 to over $78.00 (for you non-math people that's a 30% increase).<br /><br />This bag was the anchor of my monthly Amazon order, but now that the price has made it un-economical to buy through Amazon, I will parcel out my orders to have a more economical result."
442302,B0030HSFW0,A2LKQWGDDF194J,Susan M,1,1,3,1342483200,It was ok,"Some of the casing had holes in them, and some were different sizes that was hard to put on to the tube."
152345,B000LKZD4W,AWID3YSMRB8EU,dapooh11,1,1,5,1347062400,Try every flavor in singles before buying in bulk.,"I've tried almost all the flavors, and my favorites are Teriyaki and Thai Peanut (both are sweet and savory).  For about 100 calories and 10 grams of protein, this makes a great snack.  I hadn't eaten these in a couple of years, but when I got pregnant I started craving the Teriyaki again so I was thrilled to find them on Amazon in bulk."
165522,B001QE7J2G,A2ZEW2KJ76TSMA,bryzguru,0,0,5,1298505600,"good deal, dogs have less gas.  everybody is happy",switched from solid gold to merrick wilderness when solid gold was sold.  dogs had terrible gas on merrick (most likely from the unnecessary fruits).  switched to canidae and all is well.  ordered from amazon.  free shipping.  was about $25 cheaper than getting it from my local store.
233384,B007TJGZ4A,A1PCG9F32IO9MM,HC,0,0,5,1347753600,Great coffee,I use 1 box of 50 kcups per month on amazons autoship and I love it. Good coffee for good price.
442315,B0030HSFW0,A24Z4YLSNJ5DWK,Katt,0,0,5,1337299200,fantastic!,"My husband amd a friend ordered these to make homemade bratwurst, they were fantastic. easy to use. Definitely exceeded our expectations"
128162,B00014IVPQ,A2KJ9AUZEG5PM6,Perry,0,1,4,1305331200,Very good hair and skin moisturizer!,"I bought this because I wanted to use it for my hair. It's work on my relaxed hair is great! It makes my hair feel nice and soft and moisturized. Sometimes I use it as a moisturizing sealant. As for the skin, the moisture lasts the entire day! I wouldn't apply it to the face though--especially if you have acne issues. It's a little heavy...<br /><br />Overall, I enjoyed this product and will probably be buying more of this. I gave it a 4/5 because I don't really like the smell of coconut--this one just happens to be really strong."
88665,B000PMJLJO,AV7VLXGTNSO10,Sunshine87,0,0,5,1221523200,Excellent,"Awesome flavor, great texture, just the right amount of pepper to give you a great tingle to the taste buds.  Definitely one of the best.  It is real steak.  Highly recommended!"
128165,B00014IVPQ,AMDXAP925L195,"Nicole Kiser ""Draw2much""",2,5,5,1173312000,Just Right,"I love the smell of coconut, so when I opened of Garden of Life's Extra Virgin jar I was in bliss. It smells strongly of coconut so I ate a little and... it didn't taste like coconut! In fact, it didn't taste like ANYTHING. It was very strange, but good. I am very pleased with this product and recommend it!"
540262,B0006SDRRE,A1AA4UDORABJQL,N. Forgey,0,0,5,1168992000,market spice tea,"We have enjoyed Market Spice Tea since our first taste at a local Las Vegas coffee house. When the coffee house closed a couple of years ago we didn't even know how to get it again until last summer when we went to Seattle on vacation. The tea is delicious, ordering it on Amazon was easy, the delivery was fast and we all had it for Christmas!"
442272,B0030HSFW0,A2CQOYX0170UYH,Neil,9,9,5,1324684800,"I was a novice, but these made me feel like a pro!","This was the first time I'd ever made my own sausage, but after reading some brief online guides, and following the advice from other Amazon reviewers, I cranked out (literally) 3 dozen brats in about an hour, and felt like a professional sausage maker. The casings were first rate, neatly packaged, and the unused part of the package zips up for re-storage, and I used them a week later for 10 pounds of turkey sausage. I enjoyed doing it so much, and was so proud of the finished product, I am now looking to buy a smoker to expand my new sausage making hobby."
560252,B002UT92EY,A360PFT0AF5R8F,amyjo,2,2,1,1341792000,Way overpriced,"I absolutely love this cat food. Since my cats have been on it the change in their coats is remarkable.  They also leave way less solids in the cat box since there is no corn in it.  It is great for cats with urinary tract issues as well.  My complaint is the price they have listed....RIDICULOUS!  At a local pet store I pay $35 for the 12 pound bag and even Petco, which is listed in the ad has it cheaper."
128239,B00014IVPQ,AM5RXXDF6CQKJ,"C. Coleman ""CC Rider""",0,0,5,1301184000,yummy and good,I love this stuff.<br />Smells so good.  I love stir frying with it and I love putting it all over my body.<br />I even put it on my face everynight.<br />I can only say positive things about this oil.
128170,B00014IVPQ,AWBGHDHH7E51F,"Trend ""jewelry nut""",78,80,5,1201996800,Great for Skin and Hair,"I use this as a hair and scalp oil.  It leaves my hair soft and shiny. There's no greasy or residue buildup. It absorbs right into the hair and scalp,  If you apply to your hair, wait few minutes and then run your fingers through your hair, there will be no residue on your fingers--none.  Your hair will feel soft, supple, and look shiny.  A previous reviewer said she uses it on her skin. I do too. I usually put in on my face before bed.  Just like she said, it absorbs right into your skin and there is no residue.<br /><br />I started using it because my mom has uses it.  But, I never knew much about it.  I did an online search to find out more about this oil.  According to the information I got, with regular use, Coconut oil can help reverse sun damage and reduce signs of aging on your face and neck.  The article also said it helps eliminate ""liver spots""  The reason given was that coconut oil breaks down so fast that it really does absorb into the layers of your skin, instead of just sitting on the surface like so many face creams and lotions do.  It is good for the skin. I'm 50, and my skin is holding up pretty well.  I have very few ""liver"" spots near my ears, but absolutely none on my forehead and cheeks.  A lot of people have a whole face full of them by the time they are my age.  It is a healthy oil to consume.  It is solid, but it breaks down so easily in the body that the liver(the real organ) doesn't have to even get involved in the breaking down process, like it does with most fats we consume.  It's a shame, I always thought this was one of the worst oils you could eat.  Turns out, it's one of the best oils to consume.  If you do an online search, you can find a lot of information about the many benefits of coconut oil by an MD. You can even find out how it got it's bad reputation,"
88616,B000PMJLJO,A3BTGEZMZI2LJ5,oldalba,0,0,5,1347494400,Jack Link's Original,Healthy treat for dogs and grandchildren.  I use them for training both.  Good behavior merits a Jack Link.  Give them a try.
88661,B000PMJLJO,A2OTO7TH9F433R,Fluffy,0,0,2,1233360000,Needs to retain freshness longer...Gets like shoe leather,"Even though these are in sealed, individual packages, which is nice, it seems like they don't retain there freshness. A few of the sticks got like shoe leather and had little taste. I would not purchase them again. I think they should have more flavor since they are vaccummed sealed for freshness. Also the sticks get very hard."
128174,B00014IVPQ,A3DR9RBR7R6OT,Patty Mc.,5,5,5,1243382400,Excellent Product!,"This is an excellent product, although it hasn't helped me lose weight yet, but I ran out of it before maximizing all its benefits.  The main uses have been for our dog (added a couple tablespoons to her food to help her skin), our dry skin, and even ""intimate"" moments (it's better than anything else we have tried).  Since coconut oil is a natural ingredient, hypoallergenic and antibacterial, it's perfect for inside and outside of our bodies (except perhaps, for eyes and ears).  My husband has eczema and it's been one of the most helpful products we have found."
165534,B001QE7J2G,A2TAB0IGORUYIW,"S. Otte ""island girl66""",0,0,2,1223251200,Formula changes causing upset,"I have a rescued greyhound and he was doing great on Canidae until we got our last order just last month.  Now he's a mess digestively.  I'm on an email discussion group for greyhounds and have seen lots of complaints as well as confirmation that the formula has changed.  Definitely not working for my dog anymore.  Also be aware that these used to be 40 lb. bags for the same price they now sell a 35 lb. bag for.  I know everyone's hurting financially, but I think in this case the dogs got sold down the river for a few bucks.  Disappointing."
540238,B0006SDRRE,A1648GTC5C05XV,Lady Ace,0,0,5,1257206400,My Favorite Tea,"I first sampled this tea at Pike Place market in Seattle many years ago. It was so good I bought some but soon ran out. On a recent visit to Seattle I ""re-discovered"" this tea and realized I could buy it easily on line. I have one pack of 50 in my freezer and the other I enjoy almost every day."
79793,B001IZM92S,AUJXPBGE2IYR5,"Taunia D. Roberts ""darthVdar""",0,0,5,1345939200,Re-hydrated,"This is one of those perfect products for me because I have a hard time getting to the store for live, organic fruit. I found that if I add some water into a saucepan and heat up about a cup of these, I not only get soft and fat apple slices to make a pie or add in the food processor for sauce or other cooking pleasures, I also get some fresh apple juice too. I will definitely be ordering these again. I do keep them in the package, which is easy to fold or crimp for freshness, in the bottom crisper of the fridge."
165557,B001QE7J2G,A2F1K346NIUSY1,H. Van Deventer,20,23,1,1218326400,Lost a loyal customer- changed formula without notifying customers,My dogs had been eating canidae since they stopped eating their puppy food. They did great on it until yesterday we bought a new bag and they became violently ill after only eating one bowl. This was the only variant in their diet.<br />I returned the bag back to the pet store and found out they had changed their formula because ingredients had become more expensive. They did not even notify consumers!<br />My dogs have very sensitive stomachs. What they may consider a simple change made them very sick. This is a complete disregard for the dogs they supposedly care for. I understand they need to make money but notify the consumer so they can make an educated decision or buy the old formula at a higher price.
501079,B000YVGMZW,A30EXENSRKWTQ1,Riki,3,3,5,1266710400,Best tuna I've had in a long time!,"Like the other reviews here, I agree that this is the best canned tuna I've had since childhood, when tuna in oil was the only way you could buy it.<br /><br />The fish is moist and flakey, and when mixing for tuna salad, doesn't require much mayo to make a nice mix.  The small cans are nice to pack for lunch, but I'd prefer larger cans since I usually make enough for myself and my husband at the same time.<br /><br />I normally never eat any canned tuna other than white chunk albacore, so to take a shot in the dark and purchase solid light tuna took a leap of faith.  But since the reviews were so glowing, I took a chance and I'm really glad I did!<br /><br />I really hope Amazon gets more of this product back in stock.  I went to order more today and was sad to see I couldn't , especially since they've got 20% off on Chicken of the Sea products until the end of the month.  Maybe they'll get the larger cans in stock too this time?  I'm hoping!"
233351,B007TJGZ4A,A3NEAETOSXDBOM,Stephen M. Charme,1,1,5,1343088000,Great tasting coffee,"Coffee drinkers have very individual tastes, but for my wife and me this is the best tasting hazelnut coffee that we have ordered. It has a nice aroma, distinctive hazelnut taste that is not too weak or too strong, and a very smooth taste (not bitter at all). This is a great coffee to start your day or to enjoy with some cake or pie for dessert.<br /><br />When I ordered the 50 count pack, I didn't realize that the K cups came loose in a big box. That is not a convenient way for me to store them, so next time I will probably order two 24 count boxes that I can stack up in my closet along with the other K cup flavors that I have.<br /><br />The current price on Amazon of $29.99 is about the same as on various internet sites, but as a Prime member I don't pay shipping (as you have to do on the internet sites unless you spend a certain amount that is much more than the cost of this product), so for me it is a good deal."
165956,B0009F3SA0,A23YT6HSOCXNYH,ck1,0,0,5,1298332800,Works Well,"I have fibromyalgia and my sleep cycle can really get off. I try many different things.  If you make this really concentrated it should help you sleep.  Not only did it help me sleep, when I stopped drinking it after 3 days, I was still able to get to sleep at a decent time and wake up 7-8 hours later without waking up in the middle of the night.  That's rare."
310074,B008EM51FA,AYP0Z0FLR9Z0R,avoraciousreader,11,11,4,1302134400,Nice strong ginger flavor,"Prince of Peace Ginger Honey Crystals<br /><br />Unfortunately I got these on the last day of a local tea shop -- and I say unfortunately because I became instantly enamored of the product.  A single packet produces a decidedly strong 10-12 oz cup, very nice and gingery, reminiscent of the hot ginger tea sometimes served on cold winter days at a Haitian restaurant I know.  The honey adds a nice complexity to the cup, but I'm also looking forward to adding a few cloves and cinnamon stick.  Many other uses for the crystals come to mind as well as simply dissolving in water -- I've been using it to sugar tea, both black and green, and I'll definitely try another reviewer's recommendation for strawberries or other fruit.<br /><br />My only complaint is that I wish the packet had somewhat less sugar (but with the same ginger and honey strength).  One packet, at 17 g, is getting a bit close to typical desert levels (I checked some sorbet in my frig, 23 g).<br /><br />That aside, I prefer this to the ginger tea I've been getting at a local Korean market, a kind of marmalade or jelly with ginger slices in a jar.  Not only does this product have a stronger, hotter ginger flavor, but it can be used in place of granulated sugar."
165968,B0009F3SA0,A3VKQD1UZ1A66Y,T. Ogaard,0,3,1,1330905600,Horrible stuff,"This is the polar opposite of Sleepytime tea. I had one cup last night, and I laid in bed and didn't fall asleep till well after midnight, and then kept waking up every few minutes after that. Worst sleep I have gotten in my entire life! I'm going back to Sleepytime tea. At least that stuff works."
540261,B0006SDRRE,A3GRIE4HMR4TVS,"Richard Ye ""AngelCity""",0,0,4,1171670400,It taste suprisingly good!,A friend from Seattle told me about the tea.  It is suprisingly good.  When I open this 50 pack at work all of my co-worker wanted to try it.  Most like it but one think it is too strong for her taste.  I have many different kind of tea at home.  This one definitely has it place.
215525,B0014X5O1C,A32GK89C999834,"Elisa ""HipMom""",0,0,3,1208995200,good alternative to soda,"Sweet (maybe a tad too sweet), with a pleasant citrusy flavor, this beverage would be great to serve at kid's parties or at a barbecue instead of regular soda - the ingredient list is certainly less scary and afterall a sparkling water-and-fruit juice drink is obviously better than one loaded with refined sugar (or even worse, artificial sweeteners), caffeine and chemical addtitives.<br /><br />While this isn't a healthy drink, it would be a great improvement for a regular soda drinker to switch to this instead - the improvement may not show in calories but it will show in general health: the lack of caffeine and lower sugar content will avoid calcium loss so common in regular soda drinkers, and your liver will appreciate the lack of highly processed chemical additives.<br /><br />I'm not a soda drinker but I will keep this in the fridge to offer to guests or serve to my next barbecue party."
128231,B00014IVPQ,A13XIJMVVO6M99,ginflower,0,0,5,1330473600,Excellent product,"I've been using this product for a while now, and LOVE it. The flavor and quality are unsurpassed. I especially like that it's packaged in a glass jar, since I'm trying to reduce plastics usage. I've never had a problem with any Garden of Life product; Jordan Rubin seems to have a high standard and a lot of integrity, and it shows in his company and products. Highly recommended."
442310,B0030HSFW0,AKPRCNCDLMH5U,Joseph McDonald,1,1,5,1329782400,They work great!,"I got a bag of these a couple months ago and made two batches of sausage with them. They worked great for bratwurst, but be sure to soak and run some water through them before using to get the salt out. They come in a very convenient size for a small-batch sausage maker, each length fitting c. 2 lbs of sausage in my experience.  My dog, however, found them and now I have to get a new pack!"
165912,B0009F3SA0,A1UOBJTRJ00TNR,Mr. Ersh,4,4,5,1206403200,Yogi Bedtime Tea Bags,"This is the first bedtime tea I've tried.  I'm not much of a tea conossuier of any kind for that matter.  My wife bought a box from our local ""whole foods"" grocery for about $5.50 and I liked it.  I bought six boxes (including shipping) for $14.71 with Amazon's auto-refill option.<br /><br />This tea is very good tasting.  It definately helps me fall asleep.  I doubt the effect is chemical, I think it's more of a perception.  Anyway, I highly recommend this product.  Also, at $0.15 per bag you can't go wrong.  Happy tea drinking!"
501105,B000YVGMZW,A2YO8731SKDKLL,Goofball,1,1,5,1267574400,Tuna in olive-oil good for you and great taste,"Hard to find product in the store either for the 3oz or 5oz cans but a great tasting product and seems to be a much higher quality tuna in the can than a normal can of Starkist.<br /><br />I would recommend to anyone, easy to drop on a salad for some extra protein."
310126,B008EM51FA,A39U8Z3OTYPHFC,Linda Singleton,0,0,5,1305504000,SOOTHING PLEASURE!!,"THERE SHOULD BE 10 STARS FOR THIS PRODUCT!  I love it and I drink it every day.  The price was also better on Amazon.com, so I always check here first when I see something that catches my eye.  Will reorder."
268361,B0040K41MY,A3OC93X866Z8TB,Areesa,0,0,5,1339286400,"Very tasty, filling and stays crunchy in milk!","I love vanilla, I choose it over chocolate.  The vanilla taste is perfect in this cereal!  It's low cal, full of healthy goodness, and stays crunchy in milk, which I love!  My biggest peeve is when a cereal goes soggy faster than you can eat it.<br /><br />There is a nice ratio of different pieces to this cereal.  There are little corn puffs, flakes, Rice Krispie type pieces, and little pieces of buckwheat.  I can taste the Rice Krispie type pieces the most.  This stuff isn't too sweet, which is nice because I'm not a sweet breakfast fan.  I have actually used it as a snack as well.<br /><br />There are 110 calories in 2/3 Cup, which satisfies me.  With 3g of dietary fiber, it makes the carbs come out to 22g per serving.  There are no artificial additives in here, like high fructose corn syrup.  They use evaporated cane juice as the sweetener. Less than 1g of fat per serving makes this a wonderful breakfast treat.<br /><br />A gluten free cereal that contains .15g (11% of the recommended daily value) of Omega 3 and 2g of protein is a hit on my list.  I have tried several different kinds of cereal by this brand, and have enjoyed all of them.  I have found a new favorite!"
215436,B0014X5O1C,A1Z67Y8DWIGZXV,Health Junky,0,1,5,1206144000,Awesome,So glad I don't need to lug this stuff home anymore.  Awesome soda.  I wish Amazon would put it on their auto shipment program so I can drink and know it is coming automatically(and to save a few bucks!!).  Great soda... decent price for free shipping.  Thanks Amazon!! again...
128217,B00014IVPQ,A2C04CIDUMNKX,alizumba,0,0,5,1343952000,GREAT STUFF!!!,"I just got my 32oz extra virgin coconut oil!! was a bit disappointed..half of it leaked out in the bubble raper:-(. that doesn't mean i will stop ordering...but need to do better with packing. this is the best extra virgin coconut oil!! I use it for everything. Cooking, on my skin...... I take n give my kids a tsp every morning this is the best!!!"
560287,B002UT92EY,A3VGH885WYQH7K,GummiBear,0,1,5,1327881600,Great product,"Awesome, cats love it. :) Kinda high in potato though, but for the availability, it can't be beat. High protein and fat content, all three cats love it as part of their rotation."
215505,B0014X5O1C,A1FRADBDXQPJJC,"R. SHARIFF ""rayhans1282""",0,0,4,1210809600,"Great flavor, no after taste","This a good drink. It is not heavily carbonated so you don't get a strong aftertaste. While it only has 90 calories, I wouldn't call it a healthy drink per se primarily because of the 10% vitamin content. It is neither an energy drink and is not comparable to Monster or Red Bull.<br /><br />It is a good alternative to soda and stands on its own in that merit."
88635,B000PMJLJO,AKWKQOY3JIPDM,S. Turner,0,0,5,1289088000,Less Additives than other Packaged Jerky,"It's tough to rate a food item as everyone has their own tastes. However, I think when it comes to store bought beef jerky, Jack Link's is about as good as they come. Most companies add a ton of extra garbage to their jerky, including sugar. You'll sometimes find 8-10 grams of sugar in some other brands. But with Jack Link's you are getting only 2 grams, and a taste that is comparable. And while all jerky is high in sodium, I realized these are a bit less than most competitors.<br /><br />In a nutshell, this is just good beef jerky without all the hoopla. A perfect healthy snack for someone in need of a little extra protein during the day. It won't beat the stuff coming direct from a butcher, but it's better than most of the other one's you'll find at a convenient store."
268255,B0040K41MY,A100ZQDV7L8PVV,"Karen Vaughan ""Herblady""",1,2,4,1337817600,A tasty dessert but way too sweet for breakfast,"I opened this gluten free cereal expecting a variation on granola.  Way too sweet and light to boot- more corn puffs and rice krispies meets a splash of flaxseeds. If I were to take this in the morning I'd go into insulin overdrive, even with milk to slow it down.  But I'd be crashing by mid morning and overeating at noon, both dangerous activities for gluten-free people in a non-gluten-free world.<br /><br />2/3 cup is counted as a serving although you will probably eat a full cup like most cereals since it is light, boosting the calories from 110 to 165.  Actually most will probably go over a cup. The fiber content of 3g per 2/3 cup is okay, but you'd do better with a green smoothie made with whole fruit, nuts and veggies.  There are 7g of sugar (11.5 if you take a cup)- organic evaporated cane juice and molasses are just as bad as high fructose corn syrup in terms of raising your blood sugar and blood insulin levels, except it won't have pesticide residues and you might pick up a hint of a mineral or two from the molasses.  It has 25g of carbs (37.5 per cup) which will quickly convert to sugar.<br /><br />Don't get me wrong, the stuff is tasty.  I tasted it then blew my diet with a large bowl of it. (Note to self: don't review Amazon food products on an empty stomach.) The corn puffs won't be GMO and the grains are organic.  But use it as a dessert. It isn't good for you, unless you are using it to replace Cocoa Puffs. If you want a good breakfast that will sustain you until lunch and avoids gluten, fry a couple of eggs sunny side up in coconut oil and serve over greens or tomato and nori.  Your blood sugar will thank you.  Save this for a treat, to deter you from your roommate's conventional cookies when your willpower is weak."
540222,B0006SDRRE,A2OK93RJCWDN3L,rosemary sload,0,0,5,1342310400,Best tea ever!,The shipment was quick and the tea came with helpful storage information.  The tea had the usual Market Spice excellent quality.  Already finished the first order and placing a new order today.  Highly recommend this vendor!
268320,B0040K41MY,A2PSC7LUNIDEAH,Dmitry Kristal,0,0,5,1341964800,Low-sugar never tasted this sweet!,"I really enjoyed going through a box of Nature's Path Crunchy Vanilla Sunrise.  It is low in sugar and yet still very sweet.  While I'm not sure I tasted any vanilla in there, it was still pretty good.  It contains good ole flakes, small crunchies and mini-kix like cornballs.  Interestingly enough it also has Omega-3.  For a healthy, yet good tasting cereal, give Nature's Path a try today!"
501095,B000YVGMZW,A2FCBH7DS89KAV,Morbius,1,1,5,1294790400,good tuna,very good. i could not detect any dolphin flavor. cans are tiny so multiples are needed for a sandwich. the cats and dogs would give this a thumbs up (if they had thumbs).
88667,B000PMJLJO,A1WNGKUT3O644D,"Bonnie S. Seybert ""Bonnie""",0,0,5,1206057600,Burst of flavor,I love Jack Links Beef Steak and this has to top them all. I only ordered 1 box and will definately order more. I very highly recommend the peppered beef steak. A perfect blend of pepper and spices with a smoked flavor make this a great anytime snack.
560273,B002UT92EY,AB4X9VOLQVTHW,"Book Haven ""Book Haven""",0,0,4,1345593600,Our cats love it!,"We first bought Blue Buffalo when trying to find an alternative to prescription cat food that has fillers in it. Our older cat has had a lot of problems with weight gain and UTI issues. After Science Diet, and Rx, we wanted to give a more natural cat food a chance. This worked wonders!<br /><br />Our 7 year old cat, Isabel, eats some of the Blue Buffalo chicken mixed in with her wet food every day. Her coat is starting to look healthy again with her dandruff going away, her chronic UTI has cleared up, she is beginning to lose a little weight, and she is more active than she has been in the last two years. For the last 12 months, she was becoming more and more lethargic, to the point that we were worried she had a serious illness. Now she chases our younger cat, plays with balls, and is generally in a much happier mood. She is even starting to jump on top of the washing machine to steal her 'sister's' food, whereas a few months ago she could only jump on the couch after a few starter jumps. She also eats less without begging for more food, I think the higher protein is doing a good job of keeping her feeling full.<br /><br />Our younger cat is much pickier than Isabel, and she LOVES this food! I love having a cat food that both of my cats can enjoy and that does not contain corn, wheat, or soy. I take away one star for price, Amazon is not always the cheapest place to buy it.<br /><br />I noticed the description on Amazon does not have the Nutrition information. From the side of my bag:<br /><br />- Crude protein 40.0% min.<br />- Crude fat 18.0% min.<br />- Crude fiber 3.5% max<br />- Moisture 10% max<br />- Magnesium 0.08% min<br />- Taurine 0.15% min<br />- Omega 3 fatty acids 0.9% min<br />- Omega 6 fatty acids 3.5% min<br /><br />Calorie Content (ME Calculated, as fed):<br />3,682 Kcals/kg, 391 Kcals/cup"
152359,B000LKZD4W,A2TCY4Q5S0NO5Z,"Mira L. Shanks ""F.R.O.G.""",1,1,5,1196553600,Tasty!,"I was happy to see that I could purchase this on Amazon. Previously had to go to our local health food store. Price is about the same, more convenient to come to the house. High protein, low fat, tasty and give a energy boost on intense bike rides or anytime snack when you don't want a carb rush! :)"
549833,B004779XNW,A5W14E4M34PQS,L. Scism,2,2,5,1308355200,The Most Wonderful Dark Roast Coffee,"The best dark roast coffee I've had. Intense, flavorful, robust coffee taste. I've tried most dark roast coffees in k-cups and this is the best of them all. Highly recommended for anyone that likes a strong coffee."
442279,B0030HSFW0,A1XRPUO3Z4ZL2M,Bubba S,9,11,1,1279756800,crappy casing,"Low quality casing, to many nicks in the casing were the sausage broke open 'A LOT"" . Learned my lesson."
560255,B002UT92EY,AA0YPCLUF78B4,Elizabeth,2,2,5,1318291200,Miracle food...,"My cat was recently put on a renal diet (Hills HD), and because he's allergic to corn, he threw up every time he ate.  The second ingredient is corn gluten meal, the third pork fat.  Yuck.  The Blue Buffalo Grain Free Dry Cat Food changed my life and his in one meal.  He has had breakfast, lunch and dinner today and not thrown up once.  And he loves it.  And he doesn't complain about being hungry every hour.  He is happy, content, and satisfied with small portions.  And so are my other two cats.  What a relief.  I also ordered the duck both canned and dry after calling Blue Buffalo to find out the levels of phosphorus and sodium.  They said that the Basic duck and potato, dry, and the Wilderness duck canned are the lowest. I called my vet and he was shocked (in a good way) that they were so low. He said some of the renal diets are higher than Blue Buffalo.  I love this brand.  Thank you, thank you, thank you."
152330,B000LKZD4W,AK3YI0DS8E4L7,Jonathan,3,3,5,1200009600,Vegan-licious,"This Hickory Smoked flavor is my favorite of the Primal Strips lot. The strips are moist, tender, unusually flavorful, and just the right size. Even my carnivorous relatives in Wisconsin took to these Strips. My only outstanding concern is that Primal Strips are manufactured in Taiwan, which  means their production is outside the domain of US food safety and inspection. However, having consumed over two dozen of these strips in the past month, I remain happy and healthy."
233361,B007TJGZ4A,A28H863YJBLVOB,C. M. Weren,1,1,5,1272499200,Awesome cup of coffee...,This is by far one of the better k-cup flavors.  Hazelnut has always been a favorite of mine and after purchasing the Keurig machine I was happy to learn I could get hazelnut.  It makes an awesome cup of coffee on the large mug setting; I love to have a cup when unwinding from a stressful day.
165552,B001QE7J2G,A1RADTHXONQYP0,"S. L. Jordan ""suncloud27""",55,57,5,1090540800,CANIDAE - a best choice for Fido or FiFi,"I searched for a food that wasn't full of preservatives and fillers, and didn't cost $5 a pound.  I did alot of research and read alot of labels.  I have a Siberian Husky pup, and Canidae has really proven itself to me.  As a former conissour of cheap discount store dog foods, I have finally realized the advantages of feeding a natural premium food.  My dogs poop doesnt really stink!  True!  Poop is still poop, but the smell is minimal.  I have noticed it also quickly disinigrates into the ground when it rains.  With the cheap food, it smelled like rank dog poop! Would make you retch and gag!  And there was so much of it!  Less poop, firmer stools with barely any odor, less food consumed per day.  AND NO BAD BREATH from your dog! A food that swells up when wet is also undesirable.  Flint River Ranch brand and Canidae both stay intact, avoiding the bloat factor. I learned, you can learn too!  It's also an excellent value - Try Canidae, you'll see!"
165592,B001QE7J2G,AT7XL7BE5OLCY,Rod,2,2,5,1334275200,canidae review,This dog food is the food that the breeder uses for all her dogs both adult and puppies.  We continued to feed our puppy Canidae when we got him and he is turning into a fine dog.<br /><br />Rod
165590,B001QE7J2G,A295K0IYUM25O9,J. Renken,3,3,1,1247011200,Made My Dog Sick!!,"I have an otherwise healthy and active 1 year old Rottweiler.  I switched her from Blue Buffalo to Canidae, as it came highly recommended by the holistic pet store I frequent (they are going to be the next to get an earful from me!!!).<br /><br />Shortly after, I noticed her stool became loose, which is common when you change a dog's diet (I mixed the new food with the old for a week, gradually increasing the amount of the new).  I figured it would get better after a few days.  In fact, it became increasingly worse to the point where spots of blood where showing up in her stool.<br /><br />I took her to the vet thinking at this point she must have picked up a parasite.  The test came back negative.  My vet thought it must have been something she ate and recommended I feed her chicken and rice for a week to even her out.  I did this and the problem was solved.<br /><br />After a week I put her back on her regular food- Canidae- and the problem she was having before began to return, albeit gradually.  We have now started to see spots of blood again.  This convinced me it was not just ""something she picked up,"" but the dog food itself.<br /><br />Now I have learned there is actually a CLASS ACTION SUIT against this dog food maker for the exact problem I described- in some cases people's dogs even died.  I will NEVER purchase this brand again and am switching my dog immediately back to Blue Buffalo- this time no mixing!!"
88640,B000PMJLJO,A1QN48FQZ7OIS7,Jone Sigvart Eik Mon,0,0,5,1278201600,Good snack,"The Jack Link's Beef Steak, Peppered are always nice to have in the pocket in case I get a bit hungry"
152361,B000LKZD4W,A32KPKPTN5WAYL,Debbie,3,4,5,1191024000,No Reason to Kill Innocent Animals for Jerky!,"Primal Strips are delicious as well as cruelty free.  No sentient life was taken to produce them, and they're ultra low in fat and calories as well as high in protein.  Save an animal and help your own health at the same time."
152292,B000LKZD4W,A8RR8YQL7W6G,Georgianna O. Miller,1,2,5,1308528000,Love primal strips!,"These are absolutely the best snacks around!  Easy to carry, low-calorie, delicious, full of protein.  I go through them so fast it's unbelievable, and they're vegan!"
310090,B008EM51FA,A2GJHSUM10ZD03,Good Health,2,2,5,1312416000,Instant Ginger and Honey Tea,"I've been looking for a ginger tea that actually has the spicy taste of ginger, and I found it with this tea.  I don't have a ""sweet tooth"" per say, so I generally don't like a lot of sugar in things that I drink or eat.  Although this ginger tea is sweeten with honey and cane sugar, it's not too sweet for me to enjoy."
88653,B000PMJLJO,A1080SE9X3ECK0,"L. Meza ""fire2ice""",0,0,5,1240531200,great tasting!,"wow the taste in this is great,very good flavor.very fresh tasting.i cut this in small pieces, for my kids.my whole  family enjoys the chewy beef steak,i will buy again.great for on the road trips.a quick snack."
540229,B0006SDRRE,A22P16WH31MG8R,"Judy Trotter ""Judy T""",0,0,5,1294444800,Market Spice Tea,This is the best tea in the world. Others try to copy it...there is only one and it is from Seattle...this is the only one...it's a wonderful blend of spices and needs no sweetening...mmmmm....I love it!
560281,B002UT92EY,A2BH5UQIW054FT,3fishes,0,0,5,1328400000,"Blue Buffalo Wilderness Grain Free Dry Cat Food, Chicken recipe","My cat had been scratching herself constantly.  She doesn't have fleas or mites, just constant scratching.  Then I thought she might have allergies to her food.  I tried this product and have seen a dramatic reduction in the scratching and her course greasy looking coat is now so soft and fluffy.  It's only been three weeks but I can see a lot of difference.  It's a little pricey but the benefits to my cat are worth it."
501101,B000YVGMZW,AOYDXBKH04DES,Dona Boyd,1,1,5,1275091200,The best,This is the best tuna I have eaten in a very long time.  I am a senior citizen and it reminds me of the tuna my mom used to buy when I was a kid.  It must be the olive oil. I definitely recommend this brand.
165596,B001QE7J2G,AD98ZJJY4Y6HM,Teresa Reidel,2,2,5,1321315200,"Switched to a cheaper food, but going back to Canidae","We have 3 Belgian Malinois and they did amazingly well on this food. Their coats looked better on Canidae than on any other food we've had them on. It even eliminated the horrible gas that large dogs are known for! When Amazon upped the price $10 a bag we switched to Diamond Naturals, but not only did their coats begin to lose their sheen, but that awful smelling gas came back as well!! We are putting them back on Canidae. It's worth it!!"
560263,B002UT92EY,A2JFNBW8523DE3,"Suzanne Johnson ""behaviorist""",1,1,5,1323475200,Blue Buffalo Wilderness is the best for cats,"My cat changed completely when he started eating wilderness--he is more relaxed and contented and his fur is beautiful,,,,  I like this product because it is mostly meat which is what cats need to eat...."
79828,B001IZM92S,A3K19JW5KR2YDZ,Anonymous,0,0,2,1310947200,Crumbs-Need a Spoon to Eat,Maybe it's the type of apple but I wasn't very satisfied with the taste. These were like the crumbs at the bottom of a potato chip bag. I haven't even opened the second bag and I won't purchase these again. The apples I buy from Fresh Market taste much better; they tend to run out of stock that's why I tried these.
560259,B002UT92EY,A1UI2ILW1Y5XSG,Benton,1,1,3,1340582400,NOT 100% GRAIN FREE. Much cheaper at Petsmart,"I originally accidently wrote the following review for the Wilderness INDOOR chicken formula as opposed to the regular version of this Amazon listing. Upon further inspection I realize that this particular product IS NOT grain free as it contains oatmeal. I actually use their Wilderness Indoor formula and it is indeed 100% grain free.<br /><br />I am therefore demoting my rating to 3 stars as, while this is still a good food, the claim that it is grain free is just plain false.<br /><br />""I'm not sure why this is listed as $60 on Amazon. The MSRP is around $35, a price you can fetch at Petsmart or Petco.<br /><br />Anyway, this food is great! My two cats love it. They have excellent coats and have maintained a healthy weight for years with this food.<br /><br />I switch back and forth between this and Blue Buffalo Freedom depending on sale prices as they are the same thing except that Wilderness has added salmon."""
165601,B001QE7J2G,A393EKKED69H2X,"M. Lopes ""crazy dog guy""",2,2,5,1229299200,Canidae and Felidae,"Pretty scary reading some of these reviews. I learned about the switch to new formulas from Canidae quite a while back but stuck with it. I have a German Shepard and a cat and both went through the switch just fine. What baffles me is how there can be so many great experiences listed here and then see those bad ones. I wonder if some of these innocent little dogs didn't have something else going on instead of getting bad food. Maybe it just doesn't work the same for everyone's dog. Anyway, my kids are very active for their age and doing great on Canidae and Felidae. It seems to be the best combination of high-quality ingredients and reasonable price out there. I'm a big fan and receommend both to anyone. In fact, my cat loves the new formula even more than the old. She's getting a little fat.  :-)"
268260,B0040K41MY,A2TPM6XC32QPW9,M.E.'s Family,4,7,5,1309910400,"Great tasting, but probably won't buy again...","We love regular Mesa Sunrise, so we had to try the Vanilla version.  It has a good flavor and my daughter thinks it tastes awesome.  However, I probably won't buy it again because the mixture is mostly Gorilla Munch and Crispy Rice and there is not enough Mesa Sunrise (even less than the picture on the box shows).  We like Gorilla Munch and Crispy Rice, but I bought this because I expected Mesa Sunrise to be the main type of cereal in the mix.<br /><br />Also, even though the product is sold by weight, the packaging is rather deceptive as it is twice as big of a box than it needs to be.  The bag is half full, and that isn't just because of settling!  Expect perhaps 2-4 bowls per box depending on if it is adult or child portions.  We buy the regular Mesa Sunrise in, what Nature's Path calls, ""ECO PACS""; following that logic, the packaging of the Vanilla Sunrise should be called ""Anti-ECO.""  Still, I give it five stars because it has a great taste, it just wasn't quite what we were hoping for!"
268352,B0040K41MY,APYKJUMZP99ZJ,"jerseygirldownsouth ""jerseygirldownsouth""",0,0,4,1339804800,Visiting family enjoyed this!,"As luck had it, this cereal arrived the week I had 6 family members visiting - running the gamut from ages 7 - 82.  Most had at least one bowl, and it was well received.<br /><br />I like the fact that it is quite light as cereals go.  Very flavorful, seemed to hold up to milk well, and did not leave an overly full feeling.  Once or twice I grabbed an handful as a quick snack and I enjoyed it dry as well.<br /><br />My sister liked the flavor and consistency - though for her she felt it was a bit lightweight.  So, she mixed in a bit of traditional granola and felt it was the perfect balance."
233407,B007TJGZ4A,A2IVF2MVEVER0I,cubgirl,0,0,3,1337731200,OK but not as flavorful as I like,These are OK but not as flavorful as I like.  Maybe it's just me.  My son tried them and liked them but they are not hazel nutty as I like.  I'll try again -- maybe the 1st cup was a dud.
165542,B001QE7J2G,A1I44KJO47YKQW,JoBob,1,2,5,1201305600,Corn isn't dog food.,"Canidae has been excellent for my dogs. My Siberian can be picky at times but they all seem to like Canidae. The company was open and informative with me.(1.800.398.1600) I'll not be feeding my dogs ANYTHING that comes out of China unless we go flat broke. Many foods(pet & people) say ""Made in America"" but most of the ingredients are from foreign countries and the food is only pressed together and packaged here. I consider this dishonest and immoral. It's also obviously legal thanks to federal policy that favors 'Free-trade/profit' over the health of American children, much less their pets. A premium food, sans fillers and trash, really is no more expensive since you feed less of it. Your dog will be healthier. Call this company and other companies and ask about their ingredients. Science diet and Purina will, for good reason, be way more evasive than Canidae."
560284,B002UT92EY,AXV18SQFZWN09,M. Cheung,0,0,5,1311552000,Healthy cat weight!,"After we switched to blue, my cat's belly is gone. She is more energic! Blue is the only brand we buy now!"
233357,B007TJGZ4A,A1FPSG2K3N6HJ0,Robert Pallais,1,1,5,1280188800,Keurig Hazelnut K-Cups,"Following my recent divorce my ex-wife got custody of the Mr. Coffee machine.  It made no sense for me to get a coffee maker since I drink perhaps one cup of coffee a day at breakfast.  Then a friend introduced me to the Keurig coffee maker.  Very convenient for a single guy, it makes one cup at a time.  And it is very efficient.  The secret is the single serving ""K-Cups"" which are inserted into the machine.  They come in a huge variety of flavors and the Hazelnut is my personal favorite.  Amazon.com makes it very convenient to order large quantities in a single shipment and they are prompt and reliable in the shipping.  I enjoyed the entire experience of buying and drinking them.  By the way, I also got an assortment of coffee flavors as well as two different kinds of tea (Japanese Green and English Breakfast) and cocoa (which is my daughter's personal favorite)."
165625,B001QE7J2G,A1MIQ2MDF6OMXF,A. Pak,1,1,1,1253491200,Made 1 and 2 dogs sick - make that 1 and half,"Ordered directly from PetFoodDirect before I saw the negative reviews here.  So after delivery, I decided I would make the transition slowly.  A week and a half later, I was feeding approx half old and half new, and one of the dogs started vomiting/had diarrhea, had no appetite, and was lethargic.  I'm switching him to a plain chicken and rice diet, but if he doesn't get better soon, I'll have to take him to the vet.<br /><br />Other dog must have an iron constitution because she seems fine.<br /><br />UPDATE:  Took the sick dog to the vet.  He was given IV fluids because he became dehydrated.  $150 and one day later, he seems a little better.  But vet said the blood work came back a little off and I should bring him back for x-ray and recheck.  I'm going to hold off because I do think he's improving on the bland diet.<br /><br />The other dog had some alarming sounds coming from her stomach last night.  She seems fine today, but I think if the first dog had not become sick and if I had kept giving Canidae, I think this dog would have eventually become sick as well."
549907,B004779XNW,A3ITQNCEW4CFE,L. Curtis,0,0,2,1346544000,"Bitter, unpleasant flavor","I've been looking for a new extra bold coffee to replace the Timothy's Midnight Magic that I really liked.  This is not it.  I've tried to like it, but it has a bitter and unpleasant flavor to it.  I'm shopping for another brand again."
215442,B0014X5O1C,A3BAE79NXFDXGV,"Joseph P. Ulibas ""Captain Couth""",10,11,5,1209168000,A crisp tasty beverage made from all natural juice.,"Izze all natural sparkling juice (Clementine) is a very delicious drink.  They come in real nifty 8 ounce cans (for the conscious calorie watcher) that are great for those who want a quick treat without feeling guilty.  Unlike other juice drinks, this one is refreshing, tasty and not to syrupy sweet.  The drink reminded me of an Italian soda.  I would strongly recommend this beverage.  You can't go wrong with picking up a case of this good stuff.<br />I'm hooked and a future customer.  The juice is lightly fortified with a few vitamins for your good health.<br /><br />Highly recommended."
165582,B001QE7J2G,A2A4V2TRW08GC4,Doglover,8,10,1,1218585600,Hot spots galore while on Canidae,"I had fed my dogs Canidae for about 2 months before I had problems but as soon as they switched their formula I went from happy to completely unsatisfied. Both of my dogs broke out in hot spots and they itched all the time. Like other reviews say they had chronic digestive upset and wouldn't touch the food. As soon as we switched foods all went back to normal. I also emailed the company. They emailed me back saying there was no way it was their food because their food is of the highest quality out there. It had to be my dogs. Make sure you buy a food that does feeding trials. I know some may think this is cruel, but do you really want food trials done on your pets? That's what Canidae is doing."
233362,B007TJGZ4A,ADLL39A4JMWGJ,Robert W. Doty,1,1,4,1271116800,Gloria Jean Hazelnut,"Never to worry when I run out of my hazlenut creamer, as this coffee is so tasty and so full of hazlenut flavor, that I don't miss the creamer!<br />Good service from Amazon to let me know when the order is on its way and always arrives perfectly packed and on time.  Good stuff."
549767,B004779XNW,A3QQB0OQ2IJSIE,rock n roll JOEL levy,0,0,5,1307491200,great taste,i love ordering on line esp from amazon>> just as i am about to run out of coffee i get a email re special deals<br />and i simply order and in a day the products are shipped<br />this coffee is fantastic<br />try it<br />also donut shop is great
501121,B000YVGMZW,AXTQ5YMUYFENZ,"Frances Meinhardt ""Gandy""",1,8,3,1250208000,Genova Tonne Tuna,"Those who remember canned tuna from the 30's,40's and 50's won't accept this tuna as ""good"".  It's passable, but not what I was looking to find."
501066,B000YVGMZW,A45XDEVHP0TAO,T. ross,7,7,5,1262563200,theres no going back,Me and my husband love this and I must admit I am frugal and try to get the cheap stuff still but he refuses to eat it. This is so much better than the tidbit leftovers sold in regular grocery stores.
549700,B004779XNW,A2QNHF6YQIU82P,Bender in the Burgh,0,0,5,1326240000,Kcups Green Mountain Dark Magic Extra Bold,"If you like a bold coffee that's strong but not bitter, this is the coffee for you.  It has a great full-bodied flavor that's very enjoyable to taste."
310118,B008EM51FA,A1F1E670W6D621,Boston Terrier Luvr,0,0,5,1325203200,Yowza!!,"Holy spicy ginger BatMan, this stuff has some serious ZING! I love ginger lemon tea and LOVE ginger chews (<a href=""http://www.amazon.com/gp/product/B000LKX4FW"">The Ginger People Original Ginger Chews, 12 - 2-Ounce Boxes, (Pack of 2)</a> so I thought I was well prepared, not so much! I dissolved 1 packet in 8 ounces of hot water and had to dilute it a bit. If you like spicy ginger zing, this is your product!"
560278,B002UT92EY,A21Y2VEM6LX02X,"Neddy ""Edna Barney""",0,0,5,1333411200,Works well for Sensitive Stomach Cats,"I have tried many brands of grain-free food for my Abyssinian and so far this is the best for her sensitive stomach. She is supposed to eat grain-free and fish-free, and the first time I received this item I noted that fish meal was the fifth ingredient, but had not been cited in the Amazon description. I tried it anyway, and it has proven to be the best food so far. Both of my cats like it."
501103,B000YVGMZW,A6K6UDIX14DZ0,Bajajim,1,1,5,1268697600,Packed in Olive Oil,"Finally, good Tuna made only better by the Olive Oil - no more water packed for me..."
88677,B000PMJLJO,A2ZLVDEDH1P1ZC,"Rhonda Hurtado ""Chancelor""",0,2,5,1168300800,"Jack Links Beef Steak, KC Masterpiece BBQ Flavor, 2 Ounce Unit (Pack of 12)","This Customer is quick about sending out their product, this is the 2nd order of jerky I have received and will be ordering again in the near future.  Thanks"
215472,B0014X5O1C,A3NM1MT3Q2FHXV,S.E. Poza,1,1,4,1208995200,"Refreshing, natural and tasty, but not low calorie","The Clementine flavor of Izze All Natural Sparkling Juice is refreshing and not overly sweet like a lot of the orange flavored sodas. It has a tangy flavor that is reminiscent of the Clementines I love, but the taste is not as strong as the straight fruit or juice from the fruit.<br /><br />One 8.4oz can is just the right size to quench your thirst. The fact that it is naturally sweetened without a lot of artificial ingredients makes it a good drink for those looking for a healthier alternative to sodas. It does, however, have a fairly high amount of sugar so it is not a good alternative for dieters. In addition, the juice's flavor comes from a blend of juices, and it would be wise to check the contents if you have reactions to some fruits or take medication that you need to be cautious about food interactions with."
152307,B000LKZD4W,A1GWWX3POIFOMU,Exydon,1,4,1,1247529600,Awful Taste,"I've eaten a few of these, and while they tasted interesting at first, I can't bite into one now without gagging.  I'm not a vegetarian, but I was looking for some high-protein snacks so I picked these up.  A vegetarian friend of mine tried one and instantly hated them, calling the taste ""disgusting"" and the texture ""too much like meat.""  The taste is not something that grows on you and I can not recommend these to anyone, especially at this price."
442292,B0030HSFW0,A3OK905JA5BJ99,Miguel Zapato,2,2,5,1325548800,Better than expected,Got to admit I didn't expect much. But these worked great and it is the first time I have ever cased sausage. Worked like a breeze without and tears or breaks.
128172,B00014IVPQ,A3V9JGRBOC4P1T,Proverbs 31 Woman,5,5,5,1300665600,OH MY GOSH!,"AMAZING! On my skin, it's like heaven! On my hair, (I have very dry, relaxed hair) it was AMAZING! prevents breakage and is a great deep conditioner or you can mix it in with other conditioners! Also, its quite yummy! Make sure to always go ORGANIC EXTRA VIRGIN! My mother bought another type of Virgin Coconut oil from a store and it was NOT the same. I don't really like writing reviews but I just HAD to do this one!"
152397,B000LKZD4W,A1F1XSI3ORPP6C,felzix,0,0,5,1277769600,best faux jerky,This brand is the best of all the faux jerkies. Even meat eaters enjoy it. This is my second favorite flavor. Hickory Smoked is my favorite flavor.
128169,B00014IVPQ,A10WADJPSC3KG3,counter-culture foodie,72,72,4,1263081600,ranks above the rest,"i have purchased just about every coconut oil brand out there and find garden of life to be the best. other less expensive brands often leave an odd aftertaste or chemical residue even if they claim to be organic. i find this product to be consistently clean tasting. have been taking daily for over a year and have noticed improvement in skin, energy, immune system, and clarity of thought/memory. after initially feeling resistant to the idea of eating fat, i can't imagine life without this product. no weight gain at up to 3 tablespoons a day. don't let the medical establishment's misunderstanding about saturated fats scare you into not using this product. i have only benefited from it after years of low fat eating that was slowly destroying my health. but do start slowly, its not uncommon to feel a little nauseous( apparently as a result of being unused to digesting fats) or to have looser bowels initially( it has been used as a laxative)......."
540214,B0006SDRRE,A206NXYLF0TFG6,Olga Good,5,5,5,1123286400,Sun Tea,"I use Market Spice orange tea to make sun tea, two bags to a quart of cool water suits me just fine.  I put it in the sun for 4-6 hours and have a wonderfully refreshing tea at dinnertime."
165894,B0009F3SA0,A1QU1I8G0THMA0,"pausa ""pausacaffe""",55,61,5,1168732800,Warning for chicks,"Great tea, good taste and its well beyond soothing for bedtime but please be warned that it does contain st. john's wart which is an herb that can reduce the effectiveness of your hormonal birth control pill.  Check the warnings on you pill, mine warns against taking st. johns wart."
79782,B001IZM92S,A2OUNVRPRWH0,"Master's Kittie ""Bliss""",1,1,4,1318032000,yummy!,"Had previously purchased the cinnamon flavor at Costco and loved them, but they don't carry them any more.  Found a bunch of flavors here, figured I'd try the Fuji as they seemed to be the best value.  Quite yummy, even w/o the cinnamon.  Pieces do seem smaller than I remember, but that does not affect the flavor.  Biggest problem seems to be similar to regular chips:  eating too many!  :-)"
442306,B0030HSFW0,A1RYO24CQH6JYU,bpbdd,1,1,4,1332288000,Hog casings,"first time user and had no problems. I only tore the casing once, but that was probably due to inexperience."
165577,B001QE7J2G,A3JQJGYWQBACTW,"A. Inman ""Chopper Jock!""",4,4,5,1177632000,Outstanding super premium dog food!  The best in my opinion!  I couldn't be happier!,"I have been researching dog food for a few years now.  I am living in Japan (US Military) and I was ordering my dog food from PetCo online.  I have tried Solid Gold Hund N' Flocken, DVP's Natural Balance, Costco Kirkland Super Premium, Eukanuba FP Prescription Diet, and Hills ZD Ultra Allergen Free Prescription Diet.<br /><br />I was able to source the Canidae and the Solid Gold foods locally for my Dal with serious allergies.  Both of the foods have had better results than the super pricey prescription diets.  I am sold on Candidae.  I pay $[...] for the 40 LB sack, which is not that bad considering I am sourcing it locally on the Tokyo economy.  The dogs love this food more than the Solid Gold, but I believe that they are both fine foods.  This food looks tastier than the Solid Gold Wolf Pup that I was feeding my K9 German Shepherd, and it seems heartier that the Hund N' Flocken as well.  It just looks like it must taste good.  The dogs go nuts over it like a crack addiction!  I am very happy that I have found a solution that is applicable to both dogs!<br /><br />There is something to be said of companies that go the extra mile for our man's best friend.  It is just not right to feed our pets the crap that they sell in the stores.  I used to think that Eukanuba was a great dog food.  Thank God for the Internet!<br /><br />Buy this food, you will not be disappointed!"
165537,B001QE7J2G,A1CEJADETM9F1U,country girl,1,2,2,1328832000,worst food,"Would not recomend this food, my 3 chihuahuas,an 1 greyhound eat this food free feed, an have lost excessive weight. They eat & eat an still loose weight. My dogs are very healthy have been to vet, vet said its the food. I changed their diet an after only 1 wk have gained all the weight back they lost."
165943,B0009F3SA0,A8RTG2GEYVGMD,"Karen Royse ""newroyse""",0,0,5,1334188800,Sleepy & tasty,"I just started drinking tea three months ago. Started with a Whole Foods brand green tea. Taste is sort of blah but I'm used to it now. Was having some insomnia around that time and came across this Yogi Bedtime tea.  I have to say that I am sold. This tea is absolutely delicious. I can not wait to drink a cup every night (and have not missed a night since I started drinkiing it). Additionally, my sleeping has never been better in my entire lifetime.<br /><br />Amazon's subscribe and save price is a great deal too. I pay $3.99 a box at Whole Foods. On Amazon, I can get six boxes for $12.70. (my last order was $17 and I thought that was a great price.)"
165940,B0009F3SA0,A38Q2EI3LM24VT,"Ryzeldorf ""Ryzeldorf""",0,0,5,1337644800,The Best Bedtime Tea,"I love this tea. I find that I have trouble falling asleep without this tea in my nighttime ritual. It tastes great, a little sweet and very mild. It's not overly minty like others I have tried. This is a great tea to send yourself off to sleep with..."
501092,B000YVGMZW,A1UMUXEAEXIEBU,"Mary Kellogg ""mlk""",1,1,5,1299974400,The BEST tuna I've ever eaten!,"Thought I would try this tuna after reading the reviews.  The price is very reasonable and with delivery to my door, I love this.<br /><br />I think I'm going to be loving subscribe and save. No shipping fee, bulk items delivered to my door (I live in a high rise condo) I'm a customer for as long as Amazon keeps the system.<br /><br />Fab tuna. You HAVE to try it."
560256,B002UT92EY,A1WPFULWQJ6R4N,Janette M. Sweet,2,2,5,1313107200,Good for Ferrets too,"This food is good to feed ferrets as well as cats. It has a low concentration of veg type things and low sugar as<br />in sweet potato. My friend had her 3 ferrets on it for 2 years and they are good weight with nice fur coats. I have<br />since started mine on this as well. I use to have my dogs on the dog one. It is the best you can buy, I believe. I<br />am going to start my dogs back on it next year when I can afford it again. The cost is in between of high and low<br />ferret food."
442301,B0030HSFW0,A29WONMBS30DAJ,Franco G. Posa,1,1,5,1344470400,Excellent,We have used these casings for years.  Never been disappointed with them.  They are tough and they store well too.
233354,B007TJGZ4A,A1W1R7T5KZRH8S,Christoph E. Mottes,1,1,5,1305072000,one of the better ones,This one and I think same company butter toffee are the two I've liked the most among K-cups.  Coworkers agree.  Liked better than Donut Shop.
540225,B0006SDRRE,A1LHPNNG8JQPKB,"A. Jain ""Amy""",0,0,5,1320624000,Delicious Hot or Cold,"I tried this tea while at Pike's Place Market in Seattle a couple of months ago, and I had to buy it.  It has so many delicious flavors, kind of reminds you of Christmas with the spice and citrus mix.  The natural sweetness ties it together and creates a wonderful dessert tea (or really, anytime of day).  Even if I let it sit and cool down, it still tastes great.  I highly recommend this tea, and I will be purchasing more as I run out of this first bag."
549810,B004779XNW,ARG7GKSBCAJSW,Amazoner,0,1,5,1348185600,Arrived as described,"I ordered these K-Cups with points from my credit card.  They arrived as described, but without much packaging - - they were just sitting loose in the box, which works for me.<br /><br />The coffee is what I expected after trying a cup from a co-worker.  It's a fairly dark roast, but not as bold as the Newman's Own roast.  I like it for my breakfast coffee.<br /><br />I don't have anything negative to say, although I'm not sure the K-Cup route in general is the way to go for me because of the cost.  I purchased 50 cups just so the cost would be somewhat reasonable.<br /><br />I think you can get a good single cup in other ways, by using something like the <a href=""http://www.amazon.com/gp/product/B001B194FY"">Cilio Porcelain No. 4 Coffee Filter Holder</a>.  I haven't tried this yet, although I saw one at World Market for $7.  You can heat up your water with a water kettle like this one: <a href=""http://www.amazon.com/gp/product/B004EBV0IM"">Bodum Bistro 17-Ounce Mini Cordless Electric Water Kettle, Black</a>.<br /><br />The convenience of the K-Cups is awesome, but I think I'd like the flexibility and cost savings of a different way."
549730,B004779XNW,A356AIHKH9N44E,Travlanmn,0,0,5,1317168000,Great,Great favor good value would recommend this if you are hooked on the Keurig Coffee maker. We are on our third machine and they are not made well but the coffee is great.I would recommend the coffee if you like bold flavor.
442266,B0030HSFW0,A1DIBF2T13FIRP,"Andrey Dravinski ""The Great Cow""",93,93,5,1280102400,"Neatly packed, efficiently cut, perfect for batch sizes for the home sausage chef","This was my first time ordering casings on amazon, and I am extremely pleased with this purchase. Previously I've ordered sausage casings from Butcher Supply stores, and while the prices were agreeable, the casings were clearly designed with large quantities of sausage in mind, and usually arrived in large bags of saltpack, tangled up worse than a rats nest of TV cables.<br /><br />These however, come neatly packaged in a small, re-usable and re-sealable pouch. Any excess casings can be tossed back in with some kosher salt and be re-used quite easily.<br /><br />The casings also come pre cut in 10ft long strips which are just about the right size for stuffing small batches of sausage. Cooks looking to make batches greater than 5lbs will probably be turned off by this, but for someone like me who only has a kitchenaid mixer for my sausage stuffer, it's just the right size and length to work with.<br /><br />Overall, a fantastic product, and I'll be ordering more soon."
233201,B007TJGZ4A,A1ASUCTYU8394,"Kimberly ""SunShine""",0,0,5,1316131200,Package is a Great Value & Love the Hazelnut Coffee Taste!,"I spent a good deal of time & money stoppin by DunkinDonuts every morning for a Hazelnut Coffee, of course it was never consistantly good with a different person always making it.  So.... My wonderful boyfriend bought me a Keurig & since then my mornings have been 100x's better!  I love the convience, they are the right size & tastes great! The hazelnut smell alone gets me going in the morning!<br />Great Product & Great Price compared to purchasing in the store!"
442281,B0030HSFW0,A1WLWT8LPJB7XF,Francis B,4,4,4,1327795200,Just finished a package of this,"I am about to reorder my second package of this brand of casing. As an occasional home user, I am very happy with the amount of sausage I have made with this product (I use it with a KitchenAid grinder and LEM stuffer). It is necessary to run water on the inside of the casing after soaking. Convenient to use and store!"
79829,B001IZM92S,A33FY3RSJMNTLQ,bhmom3,0,0,4,1310601600,Fugi Apple crisps,"Great sweet crisp apple chip.  No additives or extra sugar.  Great way to get a little treat without extra guilt of eating junk.  12, 13, 15 year old kids love them too.  looking forward to packing them in lunches in the Fall.  Best bargain is to buy the big pounder packs and divide them up yourself.  The little bags are good but too expensive for the convenience. Love these but not the Granny Smith Apple chips as much. Granny's not as sweet.  I want to try the Mango chips next."
540227,B0006SDRRE,A13K5YXX26XUUA,wormzoo,0,0,5,1301529600,Market Spice Tea,I love this tea!!  The flavor is really 'full' and delicious.  It is orange-cinnamon and tastes great hot or as iced tea.  I usually always have to add sweetener to my tea and don't add anything at all to this one.
79826,B001IZM92S,A10MDG8VH4E14A,Sue Mullins,0,0,5,1311897600,Bare Fruit dried fuji apple chips,"The product arrived in durable packaging which helps protect its freshness very well.  The chips are crunchy, nicely sized, and flavorful.  I am delighted to find this item and will continue to purchase it!"
560258,B002UT92EY,A1DYQQ8DD8KA4Q,"Hollida Wakefield Underwager ""Hollida Wakefield""",6,8,5,1285027200,Great cat food,"I have had cats all my life and currently have five plus a feral cat I feed. This is the best dry cat food I have found. But there was a significant problem ordering it from Amazon. I have Amazon prime and always use it whenever possible. This time, a few days after I ordered it, I was told I couldn't get it."
549682,B004779XNW,AOX6MVOBP5TAL,John DeLuca,0,0,5,1333411200,My favorite K-Cup Coffee,I bought these when they were $15 for a 3pack of 12 Kcups ea.  Just wanted to add that these are among the best K-cups I've purchased.  The flavor is strong but not overwhelming....no burnt taste.  I went to buy these again but the price is now $23 instead of $15 so I will wait I guess but I'd recommend these to anyone.
152305,B000LKZD4W,A21ZF0I9XYXZ0Y,Linda,5,10,1,1264896000,"Good flavor, very bad texture!","I was looking for alternative healthy protein snack with less fat than slim  jims. Texas BBQ sounded like an awesome flavor---so I bought them. For those of you who have never tried them....pick up a rubber band, baste it in bbq sauce and then eat. That is what this soy protein jerky taste like...a bbq flavored rubber band. The only way I will ever eat these again is if the world no longer has any other protein choice available."
549659,B004779XNW,A2VZDQ8MCAAOYH,Hubby,0,0,5,1341532800,Good to the Last Drop,Like I said good to the last drop and just 'bold' eoungh to shake out the cobwebs in the am. And now they say a couple of cups are good for the heart. Sortda like dark beer. Anyway it was another excellent Amazon transaction.
88644,B000PMJLJO,AOV9UT5TNSDMZ,kwanhy,0,0,5,1265846400,Jack Links's beef steak,The shipping charge was free and the transaction was smooth and quick. the product is fresh and easy to order. will order again and recommend.
560244,B002UT92EY,A11RG4ADV68GWD,Jadednox,5,5,4,1315785600,"Amazing, but Pricey","Ok, it is double the price of my former brand, Purina One. I say ""former"" though for a reason. I have three cats, one of which is a Siamese who would not stop throwing up constantly. A friend of mine suggested Blue Buffalo and after going online and getting a coupon I decided to try it out. They are on their second bag and the Siamese has only thrown up once, which is an amazing difference. Also, all three cats have had a vast improvement in their fur. Their fur is so much softer now, it is hard to believe. I know it might be expensive, but try a 12 pound bag just ONCE, and you won't ever look back."
165925,B0009F3SA0,A3H7NPNDMGLOU4,Kerri Elders,1,1,5,1295481600,One of My Favorite Yogi Teas,"This is a wonderful, relaxing tea that tastes great on its own (slightly sweet) or sweetened with a few drops of stevia.  A single tea bag works for me, but you can brew a slightly stronger cup with two bags, if needed.  I only use one and probably drink this about 3 nights a week, since I take <a href=""http://www.amazon.com/gp/product/B000GFHPNY"">Source Naturals L-Tryptophan 500mg, 120 Tablets</a>, <a href=""http://www.amazon.com/gp/product/B00013YZNO"">Country Life - Chelated Magnesium, 250 mg, 180 tablets</a>, and <a href=""http://www.amazon.com/gp/product/B000GFPCN4"">Source Naturals Melatonin 2.5mg, Peppermint, 240 Tablets</a> as part of my healthy sleep regimen.<br /><br />I find this tea relaxing and calming, but not necessarily sleep-inducing.  Everyone's biochemistry is different, so you'll need to experiment.  I wouldn't however, recommend this for daytime use.  If you need some daytime relaxation & you're not on prescription medications, try this:  <a href=""http://www.amazon.com/gp/product/B000CMF18W"">Yogi St. John's Wort Blues Away, Herbal Tea Supplement, 16-Count Tea Bags (Pack of 6)</a>.<br /><br />Yogi's Bedtime Tea is one of my favorites; highly recommended by an enthusiastic tea fan!"
165900,B0009F3SA0,A1RC2AB92678LH,Art Lover,8,8,5,1195689600,A good night's sleep,"Of all the valerian teas I've tried, this one tastes best.  It's not quite as strong as some but you can always use two bags.  Very relaxing, very calming, really does help you sleep."
501111,B000YVGMZW,A3LULJF2MQSAAQ,Ruben Miranda,0,0,4,1303084800,Says chickenofthesea.com in tiny letters. Tasted good enough,I was hungry and picked up a can. for $1.69 I had a tastey low calorie high protien cheeep meal. I did not see anything on the can that says italy or thailand.  It was moist and did not smell fishy. I am full now. I would buy more.
549686,B004779XNW,A1T3LEFW2OC80S,Vicki Baker,0,0,5,1331942400,Dark Magic Coffee,This is a great tasting coffee.  I don't think you can ever go wrong with Green Mountain products and this is a good example.
560266,B002UT92EY,A2MNB77YGJ3CN0,L. Mountford,1,1,5,1323216000,"Yes, it's pricey, but WHAT a difference in my cats!","My 10-yr-old cats have had problems off and on all their lives with allergies.  My female has had it the worst: she gets a rash on her tummy or inside her legs, then proceeds to lick it, causing terrible irritation/scabs.  I was told by a vet that it was probably the cat litter I was using, so over the years, I've tried virtually EVERY unscented, natural, ""organic"" cat litter on the market with virtually no change.  Hers cleared up a bit, then my male started getting the same thing.  He also started losing weight and vomiting.  Not good for a little (7-lb) kitty.  Their food has always been a ""premium"" adult-formula cat food, which they seemed to like.<br /><br />Finally, a breeder suggested I get them off grain-based cat food.  I chose this Blue Buffalo variety because of the high protein content and what seemed to be a balance of the other ingredients.<br /><br />Oh. my.  The difference has been nothing short of miraculous.  After three weeks on the new food, both seem to be rid of their allergies.  Fred has gained some weight, and no longer upchucks every day.  Both are full of energy and chase each other all over the house (remember, these are 10-yr-old cats!).  Their coats are looking good, too.<br /><br />I'm totally sold on this stuff.  It costs a lot more than my previous food, but my kitties are so much healthier and happier that it's TOTALLY worth it."
215489,B0014X5O1C,A3DGULTZN71ZE3,Valerie Ring,0,0,5,1304467200,It's A Party In Your Mouth!,"As an IZZE drinker for years I can tell you there is something special about these 8.4 ounce cans of Clementine<br />IZZE. Each swallow is bursting with flavor. In fact, I like it so much more than when I buy it in a bottle at the store. For a real thrill, put a can in the freezer for 20 minutes, then pop open and enjoy Heaven in a can!"
501069,B000YVGMZW,A2CZ6GXUGNBZ9A,TomAlso,11,13,1,1319760000,Lies!! Not Italian tuna! Not the same tuna anymore! Beware!,"I ordered this tuna from Amazon about one year ago for the first time and I fell in love with it!! Sure, it was a considerably more expensive than the average supermarket brand tuna, but oh my god the flavor was unmatched! Unfortunately it seems that things have changed. Beware customers, Amazon is lying to you, this is NOT ITALIAN TUNA ANYMORE. The label clearly says product of Thailand. And yes, you can definitely taste the difference. Sadly this is not the top quality tuna it was before. The olive oil too seems to be watered down a bit. Shame on Amazon for telling lies and shame on the company for taking away what was the best tuna on the market."
215454,B0014X5O1C,A2I18AO597DSDI,"David Pearlman ""sound fanatic""",7,9,2,1216166400,Only one itsy bitsy little thing missing...,"So I got a case of this stuff because I was curious as to what clementine juice might taste like. I got it, took a swig...and found it to be OK, if a little odd...I then looked at the side of the can to see how much clementine juice is in the can. Here is, verbatim, the ingredients list:<br /><br />""Pure juice made from white grape, apple, lemon and orange juice concentrates, sparkling water, natural flavor, citric acid, sodium citrate, gum arabic, beta carbotene (color), ascorbic acid (vitamic C),  glycerol ester or rosin, niacinamide, pyridoxine hydrochloride (vitimin B6).""<br /><br />See anything odd about that ingredients list? Look carefully...What's missing? How about clementine juice?!!? Not a spec of it. Talk about smoke and mirrors. ""All natural""? Maybe. But lots of cheap juice and none of the namesake? Give me a break. I've been had. Don't make the same mistake."
501083,B000YVGMZW,A2SDNXBXBMEN35,o2bmagik,9,12,1,1283904000,Not Nearly As Good As It Was,"I received my most recent order of this item today, and am very disappointed that the can from Thailand is only a pop-top; the cans from Italy could be opened with a regular can opener, although a so-called ""easy open"" tab was also supplied.  The reason I have purchased the Genova from Italy many times is because I could use a can opener, having once sliced my hand very badly trying to open a can of Starkist tuna with a pop-top.  Even though I bought a special opener for these pop-tops, they are extremely hard for me to open, and had I known that the supplier is now in Thailand instead of Italy as I expected, I wouldn't have taken a chance on the can being changed and not ordered it (long ago I got the Genova from Italy in an Italian deli in Santa Monica, California, so knew I could use a regular can opener on them).  I did manage to get one can open from this new shipment, and the contents are very different also from my previous orders.  There is a huge amount of oil, instead of just a small amount, and the tuna is a different color and texture.  The oil and tuna are tastless compared to what I had so many times before from Italy."
233224,B007TJGZ4A,AAUC7X0ZKINCS,John A. Wrightington,0,0,3,1298851200,flavorful but weak,"as with any K cup, the setting needs to be medium or small cup to have a satisfactory taste.  this Hazlenut is better than most I've had"
549664,B004779XNW,A3A8E7CIL89LQK,ISM,0,0,4,1340236800,Great,Fast Delivery the coffee is always good! I order the product with another product and thought i would have to wait a week but only two days. Thank a bunch
501058,B000YVGMZW,ALSAOZ1V546VT,"A Research It Maven ""Just the facts please""",28,28,5,1270166400,Nutrition info in review below:,"This tuna in EVOO is a real treat - you'll have no problem eating it right out of the can! Keep a can in your desk at work with some saltines for a satisfying, fast lunch. Another thing, no one in the office will object to the SMELL because there ISN'T any! (Even the empty tin in the trash does not smell.) The tuna is juicy and delicious, better than any you've ever had. Recommended!<br />Nutrition Info:<br />190 Calories<br />110 Calories Fat<br />350 mg sodium<br />0 carbs<br />19 grams protein<br />58% of calories from Fat"
152308,B000LKZD4W,A3SC2YWFPD2RM2,J. Charles,5,12,3,1238716800,If you ever wondered what it must be like to be a cannibal...,"... then these strips are for you.  A friend of mine introduced me to them, and admittedly, they taste pretty good, but the seitan has a color and texture that will make you think you are eating human flesh.  It's horrifying, and yet afterwards you'll be craving more, which is all the more horrifying.<br /><br />So, 5 stars for taste, 1 star for cannibalism... 3 stars overall."
442277,B0030HSFW0,A3U98J3TNY0344,Bobby,6,6,5,1313280000,Eastman Hog Casings,Excellent product.  Works well.  Rinse well then soak.  I found that soaking them longer than the recommended time on the packaging made them much more flexible and easier to work with. Great product!
233320,B007TJGZ4A,AJOCD675P82GV,"Sundae Sundae ""KittyRules""",1,2,3,1271203200,OVERPRICED.,i thought this was a deal at the time and then later found out i could get these k-cups for 1/2 as much else where. coffee was good. buyer beware.
215453,B0014X5O1C,A1QK0XCAPHIW1L,Flush Barrett-Browning,3,3,5,1208908800,"Izz good, if not especially good for you....","The Clementine Izze has a full, orangey flavor and it's not too sweet.  A real bonus, imo. The apple is a bit sweet but does taste like a really ripe apple.  duh.  And for me the grapefruit had a bit of tinny flavor.  I'm afraid taste may be a bit relative.<br />If you're looking for a carbonated juice drink, this may be a good choice.  But don't kid yourself, these 80 calories aren't exactly a health food."
88618,B000PMJLJO,A2N03453MYMJ6,Mark,0,0,1,1347235200,Pepper Beef Steak Way Too Salty,"The Pepper Beef Steak is way too salty and tough.  It's a shame they don't put the nutrition facts on the packaging, but I guess that's intentional, because if I knew, I wouldn't not have purchased.<br /><br />Very disappointed."
442285,B0030HSFW0,A2OX559ZX6YOV4,Gevo,3,3,5,1324425600,casing,ill keep it short by saying that this is the perfect item for casing pretty mach everything from sausages to salami. Make sore to leave it in worm (hot) water for 30-45 minutes so that it will get lose and you should do just fine..
233377,B007TJGZ4A,A1QDGE4EQCNXNE,Wilbur R. Dunk,0,0,5,1349740800,Wonderful flavor,"<a href=""http://www.amazon.com/gp/product/B0029XDZKI"">Gloria Jean's Hazelnut K-Cup packs for Keurig Brewers (Pack of 50)</a><br /><br />It Has wonderful flavor and all should enjoy<br /> using it. Very good."
442296,B0030HSFW0,A2JV6ZK5HNXPAY,"Michael C. Smith ""Smithy""",2,2,4,1313971200,Sausage made easy,"If you're a novice sausage maker like we were, this is a good place to start.  Good quality casings that were easy to work with.  We are having a lot of fun making delicious sausages with the help of these casings."
268362,B0040K41MY,A1IDWUYX4QXTUE,Leslie,0,0,4,1339286400,"Sweet, pleasant taste. Crunchy but not gritty.","I eat a lot of high fiber cereals and am accustomed to the crunchy, grainy texture the healthy, whole grain cereals usually have. The Nature's Path Crunchy Vanilla Sunrise wasn't like that. No gritty, grainy feel. It had a sweet, pleasant taste with a hint of vanilla. I could taste the corn puffs more than the other grains. I eat my cereal with milk and this held up well and didn't get soggy.<br /><br />While I didn't mind the sweetness, at 7g of sugar per 2/3 cup (the serving size listed on the box), a normal portion probably has double that amount. The cereal provides 3g of dietary fiber per serving but no soluble fiber.<br /><br />Overall, I liked it a lot. Would I eat it again? If it were on sale I would buy it. I don't need to eat gluten free and wouldn't spend the extra to buy a product that was. For those that need gluten free, this is a cereal I would recommend they try."
88642,B000PMJLJO,A1MMXIOXM89RIZ,Kate W. Hickman,0,0,5,1274054400,Best Price you will ever find,"We all know Jack Link's is an excellent product. Dates were excellent and you will never find a better price anywhere so go ahead sign up for autoship and enjoy healthy protein anytime.<a href=""http://www.amazon.com/gp/product/B000GW0U3E"">Jack Link's Beef Steak, Teriyaki, 2-Ounce Packages (Pack of 12)</a>"
165538,B001QE7J2G,A1LN4GHGMMG7CO,"Nancy in Tacoma ""Nancy""",1,2,1,1231200000,Lots of dogs getting sick from this product (including mine),"Be sure to do your homework re: this product before purchasing.  I have three dogs, and they were all getting sick once Canidae changed their ""formula"" late summer to early fall.  Once I googled the product and read the many complaints, all with dogs with the same symptoms, I immediately took my dogs off of the food, and they've been healthy again since.  I'll never trust this product again, and had been a loyal customer for 3+ years."
165927,B0009F3SA0,A3ACO0LANLBE1Z,"mac cam ""macmom""",1,1,5,1264809600,love yogi tea,"yogi teas are the best tasting tea i have ever bought,but i could never find them in most local stores, so when amazon had them for such a low price i bought quite a lot."
152403,B000LKZD4W,A3N4ADZDBUSTZK,"Zarabeth ""Vona""",0,0,5,1252886400,Primal Spirit Vegan Jerky Texas BBQ,"Have tasted these in CA and wanted them here in MA!  So I chose to look on good ole Amazon and here they are!  Tasty, not too hot, low fat, a bit high in sodium, but satisfying when I am out and about and needing a snack!"
501104,B000YVGMZW,A3G3FTILUYFIPU,Carol,1,1,5,1268524800,The best canned tuna,"Absolutely the best - delicious tasting and packed with olive oil, not some disgusting, rancid vegetable oil. I've started eating tuna again because someone turned me on to this wonderful product."
540215,B0006SDRRE,A281NPSIMI1C2R,"Rebecca of Amazon ""The Rebecca Review""",4,4,5,1157846400,Get together for tea...,"As a classic Seattle tea, this tea brings back memories of hiding away from the rainy weather sipping a delicious naturally sweet cinnamon citrus tea. When I drink this tea, I am home again. This tea has a unique personality that seems to embody the entire mood of Seattle in one cup.<br /><br />This is a delicious tea that should be brewed for at least 5 minutes to bring out all the flavors. You can sweeten this more if you like with Stevia or a natural sugar to enhance the natural sweetness. It is good with a touch of Muscovado Sugar from India Tree.<br /><br />~The Rebecca Review"
549860,B004779XNW,A1KDYZH79Y0I08,"Robert Davis ""Always 'fixing' something that ...",1,1,5,1308441600,Fantastic Bold but Smooth Flavors,"I have found two coffees that have bold, but smooth aroma and from tongue to the back of the pallat.<br /><br />Newman's Own Extra Bold, and now Green Mountain's Dark Magic, which I discovered at my MD's office!<br /><br />The Dark Magic contains even more sweet, bold smoked fruit and nutty aromatics than Newman's but both are tops in my book.<br />I have tasted nothing else that compares to these, though I may keep testing!"
215528,B0014X5O1C,A3GTJ37QK2SPSB,Fanshawe,0,0,4,1208995200,Refreshing summertime beverage,"Izze All Natural Sparkling Clementine juice would be a wonderful refreshment on a hot day. This product quite tart and much less sweet than a juice-type energy drink, which is much better in my book. It has just a touch of carbonation and comes in a nicely sized can.<br /><br />I was somewhat disappointed, however, that the ""natural juices"" mentioned were white grape, apple, and orange...no clementine juice, just ""natural flavor."" Oh well.<br /><br />Nonetheless I would be interested to try the other flavors in this line."
233235,B007TJGZ4A,AE749YXK6Q3NH,Joshdog,0,0,5,1291075200,Gloria Jean's hazelnut coffee,"This is my favorite of the k-cups, and I can always find it at such a good price through amazon."
268291,B0040K41MY,A3A2NL6CDH3GWN,myotherself,1,1,2,1338508800,Disappointed by the overly sweet taste and vanilla aftertaste.,"I'm already a fan of the Nature's Path organic cereals but have not seen this one in the store.  I don't know if that means it is a new product or just that my mega-monopoly chain (the only grocery chain we have in town) just doesn't stock this one.  I have tried four or five of the different varieties of Nature's Path and have enjoyed them with varying degrees of success.  I'm sorry to say this is the one I like least and I'm disappointed.<br /><br />First off, there are only 10.6 ounces of cereal in the box.  Compared to the normal 14 ounce weight in other products by this brand that makes this box a little short on quantity.  I think that is probably because of the puffed grains which take up more volume in the box.  There are puffs, flakes, and grain/seed shapes.  The  impression I got with the first bite of dry cereal was *sweet*.  In fact, very sweet. The sweetness is sprayed on each component in the mix and adds up to more sweet taste than I like.  The smell I got was *vanilla*.  Once I poured the milk on my 2/3 cup portion size the cereal stayed crunchy for quite a long time, but eventually it did get soggy.  I think that's simply something you have to accept with flake shapes in a cereal.  I thought it was too sweet and the vanilla flavoring left a decided aftertaste which is rather unpleasant.<br /><br />This is a gluten free cereal which can be very important to people with gluten intolerance or allergies.  I'm seeing more and more cereals with this attribute so that's got to be a very good thing.  The numbers on this cereal aren't very impressive otherwise.  The grain mix is organic whole grain corn meal, organic brown rice flour, organic yellow corn flour, organic quinoa puffs, organic flax seeds, organic buckwheat flour and organic amaranth.  In addition to the organic evaporated cane juice there is also organic molasses.  I have to admit to not knowing what organic inulin is.  At 110 calories per 2/3 cup serving that is neither good nor bad, it has 12g of whole grains of the recommended 48g per day, again, neither good nor bad.  Total fat is 1g, but the vitamin and mineral counts are either very low or non-existent.  It is certified USDA Organic and the company is going out of it's way to promote the family farms in rural communities.  All very good, but it doesn't actually make this particular cereal taste very good.<br /><br />I buy other Nature's Path cereals and enjoy them very much.  This one does not have that holding power to keep away hunger until lunch time that I'm looking for.  For me it tastes too sweet to eat as a snack dry from the box plus some of those seeds are itty bitty, so I'll finish off this box as a breakfast food in a bowl with milk, a dollop of yogurt and some fresh fruit and then go back to my other varieties that I like more.  And the aftertaste is really quite pronounced.  That I don't care for at all.<br /><br />EDIT:  I looked up organic inulin and found that it is an organic agave sweetner.  Yikes!  THREE sweetners in this cereal??"
215482,B0014X5O1C,A1YY816MOZGQ8I,Jewels4you,0,0,5,1342310400,"Love ""our"" izze","Izze is very light and refreshing.  Nice replacement for pop, that my son thinks he has to have!  Clementine and Black Berry are his favorites, but we also like Pomagranate.  We have it set up on auto ship, so we don't run out!!"
442268,B0030HSFW0,A1J39XL3MMOB9U,J. Barnhart,18,18,5,1295481600,Works great!,Im a first timer when it comes to making sausage. thees were easy to use and worked great with no issues!
79839,B001IZM92S,A2SGDYZHVBU3KH,malibu,0,0,5,1290470400,"Love these, they're so addicting and much cheaper to buy online.","These are super expensive in the supermarket. This is the best<br />deal you can get. I used to buy these at costco and they stopped<br />selling them. This is a really good deal, they came fast and taste amazing."
501091,B000YVGMZW,A3L3HI0ECONAD2,Maryallene Otis,1,1,4,1304812800,Tasty Tuna,"This tuna has excellent flavor, and I keep several cans at work and at home. It's perfect for lunch or a snack, in a salad or by itself.  It is sooo much tastier than dry, water packed tuna.  I do prefer the larger 5 ounce cans that require a can opener, and wish they were available on subscribe and save.  As conveniect as the little pull tab cans are, they are so small that it's hard to get good leverage to open them.  I have fairly large hands for a woman.  Maybe someone with smaller hands would do better with the tiny cans.<br /><br />I give 5 stars to the tuna, but 3 or less to the can, which is why I gave it a 4, not a 5 rating."
233389,B007TJGZ4A,ADVLN4QMM981R,wassct,0,0,4,1345593600,Great Flavor Coffee!,"My wife and I really love the flavor and have been ordering them from Amazon for quite some time. I can't give the coffee a bad review, love it but the description does say 50 k-cups. After reading another review about counting the k-cups, that's just what I did. Opened the package and counted and low and behold there was 48 not 50. Counted three times just to be sure.<br /><br />Mistakes happen and I get that, but I will continue counting with the next few shipments just to be sure."
268290,B0040K41MY,A3HPCRD9RX351S,Spudman,1,1,4,1338768000,Good Pedigree. OK taste,"Though I don't need to eat gluten free foods, I know people who do and can remember a time when there were less choices and those on a gluten free diet had to settle. Those days are long gone. Nature's Path Crunchy Vanilla Sunrise is gluten free, organic, free of synthetic pesticides and herbicides, free of irradiation, and even is packed in an Enviro Box. And the list of ""good"" stuff goes on and one.<br /><br />But what about the taste? My first impression is that it's overly sweet, sure to be a hit with kids. As I finished off the box, I got more used to the sweetness and it became less obtrusive. Sprinkling a handful of unsweetened blueberries on top of my bowl of cereal actually hit the spot quite nicely.<br /><br />The cereal is pleasantly crunchy and its variety of shapes and textures and cereal types adds some visual interest also. As I reach the bottom of the box, I ponder whether I would buy a new replacement box. Since the taste of this crunchy vanilla sunrise is more OK than outstanding, I'd probably only buy it if it could be had for a outstanding sale price."
165963,B0009F3SA0,A1GZUJTR3QNLS1,S. Khan,4,7,3,1201392000,"Good tea, but not great","This tea is not a replacement for any sleep aid medication - this is much too weak to work as that. On the other hand, it is not a bad tasting tea and does not keep you awake either."
165913,B0009F3SA0,A1WM1CO8YDGYGV,Donald,3,3,4,1316304000,A Help for Needed Sleep,"I have struggled with lack of sleep throughout much of my adult life.  By the time I got to sleeping only 2 to 3 hours a night I started to take this thing seriously.  Here's what I know now:<br /><br />-Forget about the easy route. Doctors don't perscribe 'knock-out' pills as in decades gone by.<br />-Do find out from your doctor if you may be a candidate for 'sleep apnea'.  Find out what it is and if you have it. (It's dangerous and important that you find out!)  The good news is that most people are able to 'cure' sleep apnea by loosing weight. If you need to loose weight, do it now. You wont regret it. (Don't use a fad diet, eat a healthy lifestyle diet, such as by the American Dietetic Association, that you will continue for the rest of your life) For the record, I had sleep apnea and with loosing just 25 pounds was able to be healthier and sleep dramatically better.<br />-While you are at it, investigate sleeping information on a quality web site like www.WEBMD.<br />-Build some amount of exercise into every day. Even if all you do is walk around the block, get out and do it. Find out more about exercise, but don't do it if it leads to bodily pain.  Also, don't now exercise within several hours of trying to sleep.<br />-Establish a FIRM time you wake every morning and STICK WITH IT!! If you decide to sleep in some days please know it may take several days or nearly a week to get back in the swing of things.  Decide what time you will wake, and let it be that time for the rest of your life.<br />-I take YOGI Bedtime along with YOGI Kava (two bags in one cup) before bedtime.  I believe it helps.<br />I also take ""Sedalin"" by Xymogen along with my Yogi Herbal Tea.  Sedalin is an herbal blend that has also really helped my sleep.<br />-Also being realistic about your sleep duration is important.  Just because you slept 8 to 10 hours as a young person, don't expect that you will be able to achieve this now. I consider a night when I get 5 to 6 hours of good sleep a sucessful night. Very rarely do I sleep more than that. (Let me be the first to welcome you to older age!)<br /><br />Even given all of the above, I still have trouble sleeping some nights, but on the whole my sleep is much better than it has been.<br /><br />PLEASE KNOW THAT THE ABOVE IS ACTUALLY WHAT I DO TO AID MY SLEEP-YOU SHOULD CHECK WITH YOUR DOCTOR BEFORE BEGINNING ANY SUCH THERAPY."
268288,B0040K41MY,A58N07M0ZCYMB,Valentina,1,1,4,1339113600,Very sweet vanilla taste overpowers this cereal,"I'd say if you love vanilla, you will surely gobble this dish up!  But for me, I found the vanilla flavor too overpowering.  Even with today's sugary cereals, my favorite being Frosted Flakes, I can still taste the milk over them.  But with this Nature's Path cereal, even with a lot of milk, all I could taste was vanilla."
268240,B0040K41MY,A1VK6EKINVYAT7,Laura Owen,0,0,2,1338508800,"Great idea, not so great execution","I try to avoid gluten, so cereals have pretty much become a thing of the past for me.  I was very excited to try a gluten free cereal.  If you only care about the taste, then this cereal is fairly enjoyable.  However, it is advertised as a health food and this is where I run into issues.  The first ingredients are whole grain corn meal, evaporated cane juice, brown rice flour and inulin.  They are all organic, but corn is one of the worst things that you can put into your body and it appears to be the bulk of this cereal...well, except for the evaporated cane juice! (aka sugar).  The package advertises is as a good source of fiber and omega-3.  There are only 3 grams of fiber (not bad, but not great) and only 1 gram of fat.  How can this be high in omega-3 fatty acids when there is only 1 gram (or possibly less) per serving?  Then you look at the nutrient profile: Vitamin A- 0; Vitamin C- 0, Calcium - 0.<br /><br />I guess this is a step up from normal junk food cereal, but I think it falls short of what it advertises.  I do not think I will purchase any more."
215471,B0014X5O1C,A1QO88MU0PYJON,Fabulous,1,1,5,1208995200,Love this drink...,My family loves a little sugar and bubbly now and then and this is just the ticket.  The serving size is just right b/c with the amount of sugar in one can I definitely don't want my children sucking down more than they really need!<br /><br />The orange flavoring isn't too sweet and it's actually really refreshing.  I really like to add it as a mixer to Grey Goose Orange vodka now and then - it's my favorite summertime drink!<br /><br />Give it a try!
88622,B000PMJLJO,A2Y4S4CNGKF21S,H. Swanson,0,0,2,1332374400,"Very dry, kinda crumbly :\","I was pretty disappointed with this. It's incredibly dry, to the point of being almost crumbly in your mouth. I also thought the flavor itself could have been better.  I've made jerky myself that tastes much better than this."
152378,B000LKZD4W,A1XFGI9UD9AF1G,"Jason, CA",0,0,5,1330387200,Love This Stuff!,"Absolutely delicious! The 4-ounce size is great, although there is kind of a lot of packaging. I like to enjoy some with a nice cold beer."
540218,B0006SDRRE,A3C9EUWSB8Q25D,"Dante ""Seeker""",1,1,5,1239321600,Thanks from a Seattleite abroad,"MarketSpice Tea is the greatest.  It really gets me through the chilly fall, winter, and spring here in Japan.  My orders are always delivered quickly, and much appreciated by my friends and students.  Some of them are hooked now too!  Thanks!"
79768,B001IZM92S,A1J92LP5WAMKO6,RattyDaddy,2,2,1,1338854400,Definitely musty,"I didn't read the reviews closely before I bought the product.  When I detected mustiness, I came here to warn others, and found that it had already been brought up.  This is a serious issue if there may be mold and mycotoxins behind it."
165568,B001QE7J2G,A1754S4P9HK25L,A. Foley,6,6,5,1176940800,The best food and can save money!,"I have 2 jack russells and a Papillon.  As many people know Jacks are an extemely active breed and keeping weight on them can be a problem.  We were feeding Flint River, a very high quality food,  both of my jacks were getting 2 cups a day just to maintain a slightly below average weight. My papillon was at the proper weight but still getting 1.5 cups of flint river a day.  We decided to switch foods and after much debate we chose canidae.  During the time it took to slowly switch foods(14 days) my jacks had already gained weight and were looking much better.  After 3 weeks we had to reduce their food becuase they were getting fat!  now my jacks eat 1/2 a cup twice daily and they have never looked better.  My papillon eats 1/4 cup AM and 1/2 cup PM.  Just the reduction in food alone has saved so much money.  Because we are feeding less there is less poop to clean up.  I really cannot say enough about this food its has made my dogs more balanced mentally and physically."
88613,B000PMJLJO,A31LJUPR0HFDWP,H. J. KANG,2,3,1,1219449600,Way Too Much Salt,"Just after one bite, I could really tell there was way too much salt in the jerky.  After two bites, I simply couldn't eat more.<br />Nutrition Fact says one serving's Sodium Content is 1540mg - 64% of daily value.<br />I would not recommend this jerky unless you already know what it taste like."
233393,B007TJGZ4A,A27ETWAX92JO90,"Trent Coleman ""T_Man""",0,0,5,1343433600,Taste good at a good bargain,"I read reviews before I bought and tasted a sample in my variety pack. Very good taste. If you're reading this, then you're interested but you should prob. taste before you buy 50 of them."
233280,B007TJGZ4A,AOGRER320H8O,Kevin,0,0,4,1275868800,"Good flavor, albeit a bit weak","I have had my Keurig for about half a year now.  I have found that many of the k-cups offered make coffee that is a little too weak.  Gloria Jean's Hazelnut is a little weak, but I know that going in when buying the coffee.  This is a good backup economical backup ""cup"" for me, and guests that don't like strong coffee."
152347,B000LKZD4W,A35VJJW05NS0TH,LL,1,1,5,1315440000,Great taste and texture,"The teriyaki seitan strips have great smoky/sweet barbecue taste and a nice stringy, ""pulled"" texture. They're full of protein and 100 calories each (I wish it were even a little less), which makes for a great snack. They dont't taste like beef jerky, but it's not supposed to. They're isolated soy-free (there's a little soy from the soy sauce in it), as the base is vital wheat gluten. I carry one in my purse all the time just in case I get hungry."
152376,B000LKZD4W,A1J10GDW1T7E57,AmazonMan,0,0,5,1333584000,Good Taste,"We were pleasantly surprised at how good these tasted.  The %DV for sodium is 15, so while not excessive, we limit ourselves to ""one at a time."""
442299,B0030HSFW0,AEH8Z4V7NFUHW,Hobby Cook,1,1,5,1349222400,meets my expectation,Product performed as expected.  Length seems to be good length for handling.  I am a relative novice and they were easy to work with.  I used a funnel to rinse salt on inside of casings.  Perhaps a little expensive but I would buy different packaging if I wanted to do a lot of stuffing
442293,B0030HSFW0,A20B26B66CTRDP,Tmac,2,2,5,1325289600,Great stuffings,Never made sausage before and had no idea what to expect when ordering this product. I found it to be easy to use and rather fun to make my own sausausages. I would say there is pleanty of casings to make 25lbs. of sausage with no problem.
310099,B008EM51FA,ADJUOG2Z64N20,A. lori,3,4,1,1345507200,disappointed,"As Ginger is good to settle a stomach and, when I eat a Larabar Ginger Snap or a few Ginger cookies, it seems to satisfy my hunger, I had great expectations! I tried this cold and hot. I got a BLAST of Ginger heat in the back of my throat (expected) but no residual Ginger after taste,just an odd taste from the sugar (we use very little sugar so maybe just me). I had hoped to satisfy hunger but it doesnt seem to do that at all & seemed to MAYBE upset my stomach a little. Packaging quality & content uniformity is very good & dissolved quickly. I will be throwing the rest away partly because it is made in China and I am nervous about food items from there."
215461,B0014X5O1C,A3EXSYFHMC0U64,R. Fidler,1,1,4,1213401600,"Love the taste, hate the size","I love the taste but wish it came in a larger size... I find myself drinking two back-to-back as one isn't enough for me.  Besides that, I love the actual 'drink'."
560269,B002UT92EY,ANKM1RMQ4RKQ6,Spaceman,1,1,5,1291420800,"Blue Buffalo Wilderness Grain Free Dry Cat Food, Chicken Recipe","My 6 month old male Tuxedo cat likes Blue Buffalo Wilderness Grain Free Dry Cat Food, Chicken Recipe, which is a round pellet shaped kibble.  Based on the stated ingredients and nutritional information, I award Blue Buffalo Wilderness Grain Free Dry Cat Food, Chicken Recipe ""5 Stars.""  The bag does not feature a resealable strip, which is a nice feature that some other kibble cat food bags have."
165638,B001QE7J2G,A3U2G1OIB7ZN4N,"M. Cook ""furryfluffypuppy""",2,3,4,1175212800,Fantastic value,My dogs enjoy this food and seem lively and excited to eat it. Very happy also that it's not made by Menu Foods - peace of mind factor is high. Great product!
128196,B00014IVPQ,AI183ZU1DP7G7,Kiki,1,1,5,1313452800,Love this stuff!,"I use coconut oil for everything.  (hair, nails, skin, cooking) My husband laughs at me, but it's great.  Need to order another round."
165556,B001QE7J2G,A1H7CKOA2DQJU0,Effie,20,23,1,1219017600,WARNING -- read reviews--Canidae has changed their formula.,"My husband and I switched our three dogs to Canidae earlier this year based on the many glowing recommendations that I found on the Internet.  Our dogs have done very well on it until recently (we always bought the 40 pound bags for our three LARGE dogs but now it's in the 35 pound bags) when they all became ill with diarrhea.  My oldest dog has had diarrhea and horrible hot spots all over his buttocks with the fur falling out and flaky dry skin for the last few weeks.  After one of my dogs was sick all over the house today, my husband mentioned that he was beginning to suspect it was the Canidae -- he suspected that Canidae may have changed their formula, so I checked the Internet to see if anyone else was complaining and there are complaints all over the Internet!  Apparently Canidae changed their formula without warning and many dogs who have tolerated it well in the past are suddenly becoming violently ill.  My husband is picking up a bag of another brand tonight, that we have used with no problems in the past, so that we don't have to feed them any more of the Canidae. Most dog owners know NOT to change their pets food suddenly as it can cause them to become ill, but apparently Canidae did it without warning anyone or allowing them the opportunity to gradually switch their dogs over to the new formula.  Apparently Canidae is blaming 'net hysteria as the reason why people are blaming their food for these dog illnesses -- but our dogs have been sick for several weeks now, way BEFORE we even suspected it was the Canidae."
560286,B002UT92EY,A2DI6BJBHQUEO6,Ron Weible,1,2,1,1331769600,Blue Buffalo Wilderness Cat Food,"I felt that my 13 yr. old Siamese (Lester) with a sensitive stomach, sometimes overeating and throw-up problem would benefit from a  new ""Grain Free"" kibble.  After doing some research, I choose Blue Buffalo Wilderness over the Evo that I had been feeding for a few months (the Evo had major dust and I had to sift it before feeding..maybe 15-20% by volume).  Towards the end of the second BBW bag I noticed that Lester (and my other cat) were not eating their normal amount and their litter box wasn't as full.  Lester then was not cleaning up well after a #2, then in a couple of days stopped eating everything (even his daily wet food snack), we took him to a vet; blood work good, but x-rays show that he had large air bubbles in his stomach and upper GI.  He couldn't eat anything without throwing it up..nothing. The vet made no suggestions other than keep trying to feed him; and it was only after going to Petco and talking with their staff did we take action with a syringe, baby food (beef), electrolyte, and a high protein cat paste all slurred and injected every hour that we got him recovering after a few days.<br /><br />I can not be sure it was the BBW cat food that deteriorated Lester's health to very close to euthanizing, but I had not changed his wet food only his free choice kibble to Hill's Age Defying and he is back to normal now.  The Hills has grain, but the kibbles are smaller and easier to digest and I am suspisious of Blue Buffalo Wilderness and/or maybe that an older cat's system can not handle very high protein dry kibbles.  He was OK on Evo so makes me think that BBW was the problem."
152313,B000LKZD4W,AX8Z5VCFJOQB8,greenalg,0,5,1,1313625600,Slimy,We found this product to be a very slimy version of jerky.  Almost like a canned catfood.  We couldn't eat it.  The purchasing and delivery etc from the company was good.
152393,B000LKZD4W,AE2DACIUN78GX,AllenC,0,0,5,1291334400,OMG!!!!,"I just wanted to say that I picked up my first single serving of Primal Spirit Texas BBQ Meatless Vegan Jerky today at my local Home Economist while searching for Gluten Free products (I'm new at this so its an adventure everytime I go into the store!).<br /><br />Now, I am going to say that I am 100% Carnivore!! And I am a absoulte jerky fanatic as I've had it made out of Beef, Deer, Rabbit, Fish, Bison, Buffalo, and even Turkey Jerky!<br /><br />But I can honestly say, this was fantastic! It had a nice stringy texture, like actual meat. Was flavored nicely, a little mosit, and it left me wanting more!<br /><br />I'm glad I bought only one as I think I could have eaten several :)<br /><br />Also, love the fact its only 81 Calories, with 1g of Fat but still has 10g's of Protein!!"
88610,B000PMJLJO,A3CJW3AM6V6HI9,"Meme ""MAB""",1,1,5,1250985600,Original Beef Steak is muchbetter than any bagged jerky,This is a sooo much better snack than crackers or chips.  I have blood sugar issues and a protein snack is just what I need.  I also quit smoking in Jan. 2007 and am still smoke free thanks to Jack Links 2 oz. Original Beef Steak.  I honestly love them.
310122,B008EM51FA,A2DJAEWN4OLCFP,Atheena,0,0,5,1315612800,I love Ginger any way I can get it.,"One day my mother in law sent me over some of these packets.  I was hooked with the first Packet.  I have a hard time with hot things.  The rest of my family could not tell the burn it gives.  They even like to just pour them into their mouths and let them dissolve.  The more of It I drank I finally got to where I can drink the whole packet now.  My doctor has taken me away from cream so my morning coffee was just horrible.  I now put one packet of this in my cup then put in a K-cup of my favorite coffee and wow what a wonderful spicy wake me up.<br /><br />I am a diabetic, and someone who does not like to eat.  So getting that little boost of sugar and honey first thing in the morning gives me time to get my breakfast ready.  I have low sugar and my doc is trying to get me to eat at least 1000 kilo/calories to 1400 kilo/calories.  Which is hard to do when you mainly eat raw vegetables and fruits. So for me.  This is a fast way to get my blood sugar up and stay up long enough for me to get some food in me.<br /><br />I know one person complained about the calories.  It does have 18 carbs per packet.  But the Ginger is good and very strong which works very well for settling my stomach. I used to have to take phenergan for nausea now a cup of this and I am good.<br /><br />I hope you enjoy this as much as we do.<br />Atheena"
442269,B0030HSFW0,A2R95X5EO17JIO,"D. Ferreira ""Scorpio Artist""",12,12,5,1301529600,FIRST TIME...,"Made sausage today for the first time.This casing was super easy to work with,I soaked in warm water for 30 minutes,rinsed inside a couple times and went on to stuffing them with pork,garlic and a blend of spices.I oven roasted some of the sausages tonight,and it was so delicious!!I am very pleased with the casings,and my kitchen aid grinder and stuffing tube."
215443,B0014X5O1C,A1RAUVCWYHTQI4,A. Ross,14,17,3,1210118400,Fine -- But Not Clementine,"I was pretty psyched to be able to try a case of this ""sparkling juice"" out, since during the summer I drink a fair amount of juice mixed with soda water. Also, I grew up in North Africa, where the clementine grows in abundance, and I was looking forward to revisiting a taste of childhood. On the pro side, the packaging is attractive, the 8.4oz can is a really handy size, and there's no added high fructose corn syrup. On the con side, the much-touted ""fortified"" aspect consists of 10% of your daily Vitamin C, B6, and Niacin, so great big deal there. Also, the carbonation isn't as strong as I prefer, although I will grant that this is a very subjective personal thing. Straight out of the can, it feels a touch flat to me. Finally, the biggest con of all -- there's no clementine juice in it! When I cracked the first can open and tried it over ice, at the end of the glass I thought, ""Hmm, kind of like clementine, but not quite."" Then I looked at the label and saw that 's a blend of white grape, apple, lemon, and orange juice concentrates! Well, nice try Izze...but no cigar. Ultimately, it's something I'll keep around to use as a mixer with vodka, but not that tasty to me on its own. And frankly, I find the labeling of it as ""clementine"" totally shameless and off-putting."
442291,B0030HSFW0,A3Z1GS28NYL7Z,Agi Witt,2,2,5,1330992000,Great!,"Great product. About 1-1.5 yard length pieces which I found perfect, as they don't become all tangled up. I highly recommend it."
540247,B0006SDRRE,A3K4CRMOYRX766,Terry L Smith,0,0,5,1223856000,always godd,Market spice tea is always delivered promptly in my experience.  The tea is fresh in airtight foil packs and when steeped permeates a room with an enticing fragrance.  There are times I steep it just for the inviting aroma.
442311,B0030HSFW0,A23SWO0UYW0ZUW,WildernessBob,0,0,5,1350864000,The right length and easy to uise,"If you are making sausage and need natural casing, you can't go wrong with these. You have preparation needed like soaking them in fresh water for 30 minutes before rinsing the salt off, but they are clean and easy to install on the sausage tubes. These are a quality product. We will buy more in the future."
233165,B007TJGZ4A,A3PWOASCVEQNWC,KGordon,0,0,5,1332720000,Delicious!!,"This coffee is amazing, it is absolutely delicious!! And it was a very good price, some K-cups can run a bit pricey but this was a good deal especially since it had 18, most boxes for this price are only about 15 cups."
215517,B0014X5O1C,A25CZCHLNH3OMO,Mrs Baldwin,0,0,4,1209945600,Excellent substitute for regular orange soda!,"My husband, who is not too fond of orange soda in general, tried the Clementine soda with me. I liked it right away, but he had to drink almost a whole can before he said it started to grow on him. He put a little soy milk in it and said that tasted really good, like an Orange Julius.<br /><br />I was glad to see so many natural ingredients - no artificial colours or flavours - although I can't seem to find out exactly what the ""ester of rosin"" is. That concerns me a tad. I was also glad to find that ""sugar-free"" did NOT mean that it had aspartame or saccharin in it.<br /><br />I did find it very comparable to Hansen's sodas, which I also really enjoy. I sampled some of the Izze chilled as well as at room temperature. It is good both ways, but has MUCH less of the acidic, generic orange soda taste when at room temperature.<br /><br />We did find it had a very strong grapefruity flavour, which we think might come from the white grape juice that heads the list of fruit juices (orange is the fourth - !)<br /><br />I enjoyed it and would recommend people to try it, although I'm not really planning to make a habit of buying it all the time either."
268335,B0040K41MY,A1VUHTQ6GC4LH,"Diana E. Carroll ""dbang-mom""",0,0,4,1340236800,two out of three kids like it,"It's made by the same folks that make the very sweet organic cereals like Gorilla Munch so I expected it to be excessively sweet, but to my surprise, I found it a bit less sweet than most granola.<br /><br />It's a mix of granola-like chunks and cereal-like flakes, with a mild vanilla flavor.<br /><br />One kid was meh, two were enthusiastic."
268264,B0040K41MY,A3VJ27010XUWTF,"C. Wong ""Book worm""",0,1,3,1338422400,Good for people with gluten intolerance and not so good for Pre-diabetics,"I have never written a review for cereal so here goes. I have enjoyed eating several different cereals made by Nature's Path.<br /><br />The price is a little high for me but I am excited to the company's committment to be organic ingredients and having a great source of fiber and very desirable ingredients such as flax, amaranth, quinoa.<br /><br />It tastes like it has a bit too much vanilla. I would prefer less pronounced flavors. The vanilla taste goes very well with bananas but sort of clashes with the strawberries and blueberries that I usually but on my cereal. I usualy eat cereal with greek yogurt and it seemed to go well with it. I will mix the rest of the cereal with another without so much flavor. I do love buckwheat and wouldn't mind more of a buckwheat flaver. Not so sure that I like to think that I am eating vanilla cookies when I am eating cereal.<br /><br />The sugar is 7 grams which is just a bit too sweet for me as I am a prediabetic. Cane sugar and molasses, even if they are organic are not great for diabetics and others who need to watch their carbs. I would like to suggest to the company to add a little banner on the cereals that are best for diabetics and pre-diabetic. I think that would be very helpful and might increase their sales.<br /><br />The nutritional pluses are many, this cereal is very low in fat, 1 gram, has no chloesterol, the sodium is 130 mg which is pretty good. But since I am seeking more fiber, I would pick one of the other cereals they make over this one because the fiber is only 3mg, it is too sweet for me and I need a higher protein cereal."
152374,B000LKZD4W,A10QVHHPD3GY6R,moose_angel,0,0,4,1337212800,The Best I've Found So Far,"Okay, these are pretty darn tasty.  I have tried several different brands of veggie jerky, and so far, these are my faves.  I've tried several different flavors (Texas Barbecue ranks at the top of my list), and they're all pretty good.<br /><br />They are pretty moist, almost to the point of being a little saucy.  They can be just a bit messy to eat, but the benefit is that they are GREAT to eat on a sandwich!  Terrific by themselves and amazing on bread... makes me smile.<br /><br />The packaging can get a little frustrating.  They are serrated at the top, so in theory, you should be able to tear the edge and open the entire package along the side of the strip.  Unfortunately, it doesn't exactly work that well.  A lot of times it will rip off and make it difficult to get the strip out of the package.  I just use scissors now.  Just a minor complaint.<br /><br />But seriously, these things are delicious.  Even my carnivorous friends like them (and it's usually impossible to get them to touch a substitute).  Definitely recommend!"
215460,B0014X5O1C,A50MME5YW1YGB,"Scott Chamberlain ""Historian and archaeologist""",1,1,4,1213833600,Great summer beverage,"In general, this stacks up pretty well compared this to the well-known, similar drink Orangina.  Orangina seems to take its inspiration from sparling water, while this one seems to have Orange crush as its point of reference.  Izze is slightly sweeter and slightly ""heavier"" than Orangina.  Is this bad?  Not at all--it's still refreshing and a perfect companion for a cookout.  And with its vitamins and such, might stick with you a little longer.  Enjoy!"
128211,B00014IVPQ,A3D8N960KRW6NT,Anil Nanda,0,0,5,1350518400,love it,"I use this on myself and both my small kids, literally from head to toe, after every bath.  Keeps us moisturized without any greasy feeling.  And it smells great too!"
233180,B007TJGZ4A,AZK71O06GHS3D,N. Zimmer,0,0,5,1324598400,Great Flavor,This is a perfect blend of coffee and hazelnut flavors with a good body. It makes other brands appear tasteless.
152301,B000LKZD4W,A3428QCT9AR1YO,"Patricia L. Rattay ""scifigal""",0,1,5,1260057600,Fantastic taste,This item is delicious and a great way to have more protein in my diet.  So good that I have ordered more.
165521,B001QE7J2G,A2ZEW2KJ76TSMA,bryzguru,0,0,5,1300492800,"good stuff, less farts",good quality product. cheaper and easier to get from amazon than local pet store. switched from merrick because dogs had terrible gas. this has a great ingredient list.
310075,B008EM51FA,A3PKHWJOFP9DYO,"Neva Maree ""picky shopper""",9,9,5,1264982400,Peaceful and soothing,"I love this product and I share it with my family and co-workers.  JVS by way of Amazon is the best there is for online purchase and I will definitely continue to buy from them.  I am currently preparing for my third order in as many months.  Great for upset stomach, sore throats, stressful days and cool nights.Make it hot with water or milk to take the chill out!"
442324,B0030HSFW0,A36PQDZPYXY6MK,G. Gunderson,0,13,1,1327536000,"Product of USA, China and Europe","I like to know where my food is coming from.  Who knows where these are from, since they barely tell you."
501074,B000YVGMZW,A3KGHQ7CFZ3XNE,Vince Bentivegna,4,4,5,1259539200,best tuna,"this is the best tuna i have ever had,not like the american tuna that is like mush,this tonno is solid pcs that taste like tuna"
165531,B001QE7J2G,A21DU12R94VZP5,"Andrew W. Newsom ""anewsom""",0,0,2,1235088000,Another bad reaction. Why risk it?,"We adopted Penelope, a 6 mo. old min pin hound mix, a couple weeks ago. We decided to switch her from Purina Pro Plan w/ Shredded Chicken to a premium food. After reading many conflicting reviews on this site and elsewhere, we decided to try Canidae. My sister feeds Canidae with great results and, at our local pet store, it is the cheapest of the premium foods by a narrow margin.<br /><br />We mixed only a little Canidae into Penny's kibble. My guess is about 6-8 pieces or 1/12 of her total breakfast/dinner. We watched her very closely. Within a day, we noticed some changes. First of all, she lost a little focus in training, seeming a bit more confused than usual. No biggie. She also sneezed a few times (she has never sneezed before). More importantly, though, we noticed that she started to nibble and chew on her feet. This continued sporadically for another day and half. It wasn't constant or serious. She didn't seem agitated and she didn't bite her feet to the point of redness or bleeding. Still, it was VERY clear that this was caused by the change in diet (nothing else in her routine changed) and this was only with 12-16 pieces of Canidae per day. Having read the reviews of Canidae's new formula, we had known that this might happen. We made the decision to switch right away.<br /><br />After a lot of research, we decided to try Solid Gold Hund-N-Flocken for Puppies. We mixed in the Solid Gold at the same proportions as the Canidae. The nibbling stopped immediately. No sneezing, either. Her focus seems to have improved as well, though I can't completely credit that to the food because puppies have on and off days. Still, it is clear that the more serious allergy problems have been resolved.<br /><br />If you've done any research on dog foods at all, you already know that finding the right food requires you to go beyond the ingredient list. Some foods just don't work with some dogs, however good they look on paper. Indeed, I am convinced after many hours of reading reviews that NO food works for ALL dogs. That said, it is clear that many, many more people have had problems with the new Canidae formula than they have with other premium or super-premium brands. Who knows why (Canidae claims the new formula has no changes that could account for allergies), and who cares? Feel free to try Canidae for your dog, but watch him or her very closely. Or, better yet, do what I wish I did, and just start with a different brand. There is nothing special about the Canidae ingredients list, so why risk it?"
128200,B00014IVPQ,A25Z4AC0CMXJ6H,munawt,1,1,5,1299801600,good product,This is real coconut oil. The smell is not too strong and the oil is pure goodness. I think its suitable for cooking or other none culinary uses. I like that the container is glass bc I need to melt the cococut over and over  before using it (so no worries about plasticisers migrating in the oil). The only thing is that i would like to see coconut oil jars with smaller openings to avoid having dirt go in it.
128207,B00014IVPQ,ABN7J8TN4PD5T,"Editor Bill ""Bill""",1,1,5,1239494400,quality coconut oil,"This is a good quality extra virgin organic coconut oil. I'd suggest getting the large size, though."
215457,B0014X5O1C,A1DJV0XTCCSZ8F,Nan,2,2,5,1228003200,Low carb substitute for soda,"Excellent product. Clementine juice and fizzy water, low enough carb that a diabetic can drink one now and then!"
549837,B004779XNW,A7H5VHKNPGLXA,SusanJElliott,2,2,5,1233964800,The absolute best,There is nothing so good as Dark Magic.  I wasn't that crazy about it when they changed it to be stronger a few years ago but now I like it.  I keep my Keurig brewer at the smallest cup setting and use 2 Dark Magics to fill a cup.  It's heaven.<br /><br />My husband likes coffee water (as someone in a review labeled it)and he goes for the Breakfast Blend on a larger cup setting.  But that is the wonderful thing about K-cups.  You can each have what you want.
128171,B00014IVPQ,A3M3OM116MJ1K0,"Jeffrey L. Head ""The Headster""",7,7,5,1265068800,Great,We use this to cook in to get away from trans fatty acids.  This adds a pleasant taste to the food too.  We love it in our stainless steel pans.
233336,B007TJGZ4A,A2Y1GXADVJG3O1,hapegirl,0,2,1,1278633600,Not available in Oki,Will not ship to FPO AP address! So frustrating being a military spouse additcted to my Keurig. I have to find a place that will ship me the K cups or my $299 coffe maker is useless for the next 3 years.
215511,B0014X5O1C,AGV0RUQJHFW3S,cortezhill,0,0,5,1210636800,"Izze Clementine Sparking Juice, Grapefruit Sparkling Juice","In a ""Supersize Me"" world Izze should be applauded for bucking the trend and marketing an 8 oz. drink product, which is a much more sensible size than the quart size or larger products crowding the shelves. I gave a can of this drink to a friend of mine who commented that they enjoyed the sparkling water mixed with the juice. On the other hand, I prefer a sweeter orange juice. This, to me, had a dull taste that reminded me of eating a frost burned orange.<br /><br />I thought the grapefruit juice was very tasty. It is on the sweet side and reminded most of Ruby Red grapefruit. I think if I was at home mixing this juice from concentrate instead of buying the concentrate premixed in a can, I would use less water."
540246,B0006SDRRE,A2IYL6JNRTBKJ3,S. Newton,0,0,5,1229212800,Wonderful tea!,"Excellent product, warm & flavorful. Would recommend it. Shipping is a tad bit slow - took 2 weeks to process order and receive.I'll just remember to order it sooner, I guess. Postage not excessive to Alaska."
268338,B0040K41MY,A1E5WXNTI7EO2A,S. Brooks,0,0,3,1340236800,A bunch of different cereals in one box,"My sister-in-law is gluten free so I'm always on the look out for products she can eat whenever she comes for a visit. As more and more people are developing gluten sensitivity, it's nice that companies are producing more products that are gluten free. The cereal tasted pretty good. It has a hint of sweetness and vanilla. Honestly, it seemed a little bit like cereal on steroids, there were flakes, rice puffs (think rice crispies), little balls, etc. It kind of seemed like someone went through a cereal bar and just added a scoop of everything and mixed it up in the same box.<br /><br />I'm not sure that I'd buy it again though. Flavor-wise it was decent. It wasn't my favorite, but it wasn't bad. I liked that it's organic and G-free."
165897,B0009F3SA0,A3410ECMG7X7WO,S. Pohedra,10,10,5,1229904000,Excellent tea,"I drink Yogi Bedtime Tea before going to bed because it relaxes me and helps me fall asleep.  If the noisey neighbor wakes me up at 3:00 am, I drink some of this tea and can get back to sleep.  Otherwise, I toss and turn for hours."
501098,B000YVGMZW,ARYER60CVYGJK,My review,1,1,5,1278374400,"Excellent product, excellent price","Perfect smaller size for lunch. Generous serving if being used on regular sized bread for a tuna sandwich. I like to put it on top of a simple spinach salad or roll it up inside lettuce leaves for a fast, healthy meal. Really great taste, far better than the Starkist I used to eat before I found this -- and cheaper per ounce too! The taste is a little more salty than usual for canned tuna, but I like that. Of the four people in my household, two us like this tuna better and two of us don't calling it too salty. There is minimal olive oil in the can but as I always squeeze out the excess oil, letting it pour down the sink before taking out the tuna, I like the less oil too. I used 'subscribe and save' and this will be the tuna I eat from now on (unless the price increases dramatically). It's nice to have pantry staples delivered to my door on a regular basis, thanks Amazon!"
268358,B0040K41MY,A2MZXLN9TLP1R4,GLBT,0,0,4,1339545600,"Sweet, but not obnoxiously so...","This cereal has a nice crunch to it. When you soak it in milk, all the different parts soften to around the same level, so you don't have that one hard little kernel of a piece that sticks in your teeth.<br /><br />Further, it tastes good. Sweet, but not obnoxiously so, this is a mighty pleasant cereal.<br /><br />It's the kind of cereal that you would gladly introduce to a friend or invite to visit you in a cabin you've rented. If this cereal were music, it would be some early Elvis Costello, or maybe that ""California"" song they used to play at the beginning of The O.C.<br /><br />It's joyful in that same kind of way."
442287,B0030HSFW0,A2TPJYGF1FVL4L,"M. L. Trivett ""CookieT""",5,6,5,1317686400,Natural Hog Casings,"Eastman natural hog casings are a fine product at a reasonable price. They are salt packed and will keep sealed, under refrigeration for a year. Easy to work with and the only downside is the kinda funky smell....but consider the source. Good to have an online source for those of us in the hinterlands."
540216,B0006SDRRE,A3K0UCUZGTU91J,"E. Dunham ""climbin'/runnin'/writin' woman""",2,2,5,1112832000,The best tea I've ever had - and I've had lots!,"A friend of mine who visited me from Tacoma brought me a box of this tea, and I've been hooked ever since. In the days before the Internet, she'd have to send me boxes and I'd hoard them. Thank God for the WWW and thank GOD they're on Amazon now.<br /><br />I even took this tea up with me on Mount Rainier -- when nothing else tastes good at altitude, this did.<br /><br />Sweet, spicy... it can make me smile on even the grumpiest day!"
549759,B004779XNW,A1BI6QBSVALQOF,sheilab,0,0,5,1311033600,bunnell,"This is great coffee. Not wimpy. Nice and strong but not bitter. Both my husband and I like it. We HATE watery coffee, why bother. This is definitly one of the best."
310114,B008EM51FA,A39S2GWPLQJKVF,Ajb,0,0,5,1330819200,Yummy and Potent!!,This is a delicious tea. my whole family is drinking it now and its all natural ingedients.<br />great for cold night as you sip this warm potent tea. You feel its killing all your throat bacteria!
540242,B0006SDRRE,A3V7H58PSJE7EJ,"Leenies ""Leenies""",0,0,5,1238889600,Market Spice Tea,Market Spice tea from the Seattle Pikes Market is absolutely the best.  Been drinking it for years & still love it.
152348,B000LKZD4W,A1CBFUH6ABI7ZM,D. brown,1,1,3,1312934400,"Decent, but a little odd","I didn't read the ingredients carefully enough to see that these are gluten-free. Wheat gluten adds a jerky-like texture to vegetarian jerky, which is missing here.<br /><br />The strips are wet -- not moist -- but wet. Additionally, the Hickory Smoked Soy flavor was waaaaay too sweet and reviewers have said that about other flavors as well.<br /><br />I'll finish the box I purchased, but I probably won't buy more."
549749,B004779XNW,A20HNW5JWZAT32,J. Wright,4,4,5,1308096000,Delicious Dark,"I love this coffee!  It's the next best thing to espresso.  If you like your coffee strong and dark, without being bitter, this is for you."
88607,B000PMJLJO,A2WUQYHSFXNUGH,B. Alexander,1,1,1,1327622400,One of my worst Amazon purchases,"I bought 2 boxes of these at the same time thinking I was getting a better deal than buying from the gas station. The first few I ate I didn't have any problems with. Since then, they either have mold or have been so hard that I cannot take a first bite through it (sidenote: I am an avid carnivore). They need to step up their quality control before selling this."
165530,B001QE7J2G,A105BOR5D5S7CJ,ARL,0,0,2,1235606400,"After feeding for 5 years, we're done","We fed Canidae to our two dogs for almost 5 years--they always ate it eagerly, never had stomach upset, and got raves from the vet for their muscle, weight, and coats.  It *was* a 5-star food.  But last summer we opened a fresh bag of kibble (same exact packaging bought from our usual store) and immediately noticed it was much lighter in color than previous bags, but we fed it anyway. Within a day our Aussie, who has a bulletproof stomach with absolutely no digestive issues, began to have horrible gas, softer stools, and really loud, liquidy gurgling noises in his abdomen.  We continued to feed the entire bag, thinking that he'd adjust to it eventually because our other dog was fine.  Well, our Aussie never did adjust to it; he spent a month having those symptoms, and we dreaded mealtimes because of the stench and sounds he'd create.<br /><br />The kibble in the next bag we bought was the old normal shade of brown, and our Aussie's stomach noises, soft stools, and awful gas went away practically overnight. But by then I was hearing and reading that Canidae had developed a new formula that was making dogs sick. The stories about people whose dogs got *far* sicker than ours, and the dodgy responses that those long-time customers got from Canidae when they called to complain about the unannounced change, made us decide it was time for a new dog food.  We went with Healthwise, a premium kibble made by the same company that makes Innova, California Natural, and Evo.  It's not worth it to continue to be loyal to Canidae and to risk our dogs perhaps getting as sick as many others have.  Read Canidae's new formula horror stories at consumeraffairs.com."
310107,B008EM51FA,A3OTIR56OYMEIL,AllyM,0,0,3,1349827200,Not for super sensitive stomach,"I was so looking forward to enjoy this tea and was imagining how wonderful it would be to have a cup of hot sweet ginger tea in the coming winter....unfortunately my stomach was not up to the `task'.  I have a sensitive stomach and get heartburn and acid reflux if I drink coffee or most of the over-the-counter orange juice.  I thought it's safe to drink this ginger tea but I ended up having mild heartburn every time after I drank the tea (even use just half bag of the powder).  And the same condition occurred after all three attempts, so I had to give up...  I did find out that I am ok with drinking the home-made ginger tea (three slices of ginger in boiling water and some sugar).  I would still recommend this to people with no stomach problems!!"
128243,B00014IVPQ,A2OT3TCM9W7DV4,Jeanne,0,0,5,1287532800,wonderful oil,"I use this oil in alot of things, even in making pie crust. It will make things taste like coconut, but we like that flavor. Also good in cookies as it makes them crunchy and a nice texture. I would not recommend using this for Chinese stir-fry however. Try this oil in cookies with the M&M coconut flavored type and add some regular chocolate chips with it!"
560254,B002UT92EY,A2OYSVJTLDNZRA,UFOqueen,2,2,5,1318896000,"The ""girls"" love this.",Both our cats love this.  One will no longer eat her soft food - a side treat for them.  Their coats look great also.  I do recommend to others that want a healthy diet for their cat.
128235,B00014IVPQ,A2H40QBLWUWPHT,"Jim ""Electronics Engineer""",0,0,4,1325808000,"Good Product, Well Packaged and Shipped in a Timely Manner",Product is exactly as advertised ... maybe slightly larger and heavier than I expected (like a thick motor oil).  Packaged well for shipping.
540251,B0006SDRRE,A2OY16ELBTYZZ6,Layla Marie,0,0,5,1207353600,Spicy and yummy,"This tea is awesome!  My favorite way to have this tea is steeped with fresh mint from the garden.  It has a strong cinnamon and spicy taste, which I love."
268233,B0040K41MY,A35W3JQYP0M655,"Ambergris ""John Thomas""",0,0,2,1338681600,No Sale...,"I must confess upfront I am not a nutritional nut when it comes to cereal.  If I ate cereal every day I would be more selective I suppose.  But truthfully I only eat cereal on occasion when I get the hankerin' for it.  So I pretty much go with what tastes real good.  That being said I am not immune to the idea and benefits of a nutritional breakfast cereal, especially if its both good for you and full of flavor.  Unfortunately this Natures Path blend doesn't cut it for me in either respect.  There are not only cereals out there that are better for you, but I also have to agree with many of the other reviewers here that say that this cereal carries a sort of sour aftertaste.  In fact I will even go as far as to say it starts out with one.  The vanilla flavor is so abundant that it tends to create an artificial taste that is not at all pleasant in my opinion.  Also, this cereal seems to take an abnormally long time to soften as well.  It stays rather overly crunchy right up till your bowl is just about empty.  That doesn't help the cheap, overpowering flavor of the vanilla or whatever it is since it remains undiluted through most of your meal.  In conclusion, although the price of this stuff is not all that bad as good-for-you cereals go, I would opt for Honey Bunches of Oats or some other brand over this stuff if nutritional cereal is your favor.  This Natures Path stuff is unfortunately a no sale for me..."
560239,B002UT92EY,A1QQHFFI1FNFWK,David M. Germaine,29,32,2,1297036800,Formula change. IT NOW HAS GRAINS,"I loved the food for my cats as you can read below. However when it came time for me to buy another bag I read the ingrediants again, something I do to make sure there were no chnages.  I was concerned as my cat with the Yeast on her skin had started getting it again.  To my dismay I read that Oats has been added to the formulation.  WHat it it that Blue Buffalo Doesn't understand that Oats is a GRAIN and they can't now call the formulation GRAIN free.<br />I hve had to change to another brand of cat food.  Shame on you.<br />I have 2 Ragdolls. One is 3 years old. SHortly after I brought her home as a kitten she developed yeast growind on her skin. It was on her face, eyes and mouth. I took her to many vets even a dermatologyst who charged a fortune and none could figure out what she had. I had used a grain litter as it seemed like the healthy thing to do. I changed her bowl from plastic to ceramic to stainless steel and nothing made a difference. I would spend an hour a day cleaning and blow drying her.  It had spread down to the area where a mane would grow and she lost fur wherever it was.  My vet took in a new partner who reacted in horor when he saw her. He did a scraping, sent to the lab and found it was yeast. All the other expensive tests that were done never showed yeast.  I started her on a grain free diet that helped a lot but after a year all of a sudden it got worse again. The manufacturer changed the ingredient. I tried a few other products and after a short time the same thing happened. Grain free was no longer really grain free. For some reason the companies didn't know that wheat is not the only grain out there. Oats, was added and some other grains. I was at a loss and dthen I saw Blue Buffalo's Wilderness.  I tried it and as each day went by her yeast growth would get less.  It took around 2 weeks for the other foods to get out of her system.  SHe now has just a tiny amount of yeast around her mouth and her fur is growing back.  Her tail the was once goreous and then sparsly covered with fur is becoming beautiful again.  I only have to wash her mouth area every 3 days to remove the yeast, instead of the hour a day I used to spend.I think if the flax was taken out she would be yeast free as flax is a grain. I am thrilled with the difference as is my cat. My vet wanted to know what I did and he told me that most cat owners end up putting their cats to sleep as they can't deal with it. I also changed to a pine litter over a year ago which helped somewhat.<br /><br />My other act developed crystals in her urine which then became sludge.  THe vets flushed her bladded but it didn't help. She was getting cortisone shots to help with the swelling of her bladder and the bleeding. I told the vet to biopsy her bladder which is surgery and he cleaned out her bladder. The pathology report said she has cystities.  He didn't like giving her the Cortisone as it has bad side effects. I didn't like it either but she would stay in her litter box all day when she would start bleeding and did not feel good at all.  It would take the con around 3 days to work and then she would be o.k. for around a month, then 3 weeks and then after the surgery it started again after 2 weeks.  I told my vet he would have to put her down if this kept up.  She is only 2 and this started when she was 1 1/2 years old and was my favorite pet.<br />He gave her a shot of cortisone and I told hin we would see how long it lasted before she would start bleeding again. The food I had been giving her had Soy in it and she was getting a hypoallergenic treat that had SOy oil in it.  I noticed that she would get worse when I would give her the treat.  I ahd swithced to the Blue Buffalo for my other cat and it had not Soy in it and I stopped the treats.<br />It is nwo 7 weeks since she had any bleeding from her bladder. I stopped the soy when the vet told me she had cyctities as I know Soy gives cysts to women due to it have plant estrogen in it. The vet had given me<br />foods that were expensive to try that were made specificly for the crystals and she wouldn't touch them. SHe had become an obese cat that didn't want to do anythin when she got sick. SInce she had the food change she lost a lot of weight and is a playful happy cat again.<br />I hope Blue Buffalo doesn't change the ingredients ( except perhaps to take out the flaz)as it has saved the life of my 2 cats that I love dearly.<br />No more yeast, no more crystals, sludge or cystities.<br />I told my vet whta I had figured out and one has called me to ask me what I had done for the yeast as he had a cat that had it and he had to put down cats whose owners couldn't deal with it. I hope other cat owners who have these problems would try WIlderness and see if it helps their cat. Thank you Blue Buffalo.<br /><br />WHen I told him she was doing well he told me he should send his patients to me when he can't cure.<br />Update 5/12 .  THe cats have been on the food since December. Both are doing beautifuly. THe one with the yeast on her body and severe loss of fur, now has a beautiful coat. She is no longer hiding 24/7.  SHe is a happy cat.  The one with cycstitis and sludge is as happy and healthy as can be.  If I hadn't tried this food she would have been put to sleep months ago.  Please keep the formula you are using.  A very greatful cat owner."
215506,B0014X5O1C,A3L1MEXXDI4Q77,"Miranda Prince ""Punky Monkey""",0,0,3,1210809600,A Mixed Review,"This is a weird item for me to review, because I didn't like it at all, but my husband liked it a lot. If you want to know what this juice tastes like, put equal parts club soda and orange juice in a glass, stir, and drink. If you like that, you'll like this. If you don't, you won't."
310073,B008EM51FA,A1LIUVTHZ15MAY,"Olubunmi ""WAPrincess""",13,13,4,1257552000,Great Product.,Authentic ginger flavour & goodness.  Dissolves quickly in hot liquids.  Unusual application: Crush a packet and sprinkle 1/4 over strawberries or Grapefuit.  Delicious!
79821,B001IZM92S,A1R06BFDS1P5HV,M. Payne,0,0,5,1316044800,Love these!,"I was looking for 'apple crisps' but didn't want artificial ingredients or sugar added.  These fit the bill! Deliciously tart and semi- sweet.  Crisp enough but still a bit chewy...the best part?  My kids HATE them! Yum, Yum...more for me:-)"
165962,B0009F3SA0,A9GMM8JTCGWMA,Jason,8,13,2,1174176000,I'm sure it works if you can stomach it...,"I'm sorry to give this a poor review, but tea has to taste good in order for me to drink it. I often drink a large variety of bedtime teas and have never tasted any tea this awful. I can't speak for how well it works because I couldn't drink the whole cup even though I attempted to force myself. Yogi makes some good teas, but this I just couldn't stomach."
165957,B0009F3SA0,A1TBI2FGA81KNH,yamihoo,0,0,5,1293926400,Wonderful relaxing night time endulgence,This tea has become a staple in our house. Nothing like this wonderful tasting tea to wind down with at the end of the day. The flavor is amazing! Try it! Can't beat this price on Amazon.
540223,B0006SDRRE,AJ252GSX3A4NE,Chris Franklin,0,0,2,1341964800,Best Tea Ever - Bad Experience this time around,"I've loved this tea for over 15 years.  This latest shipment I got was  VERY weak though... not even strong enough to make one cup.  VERY disappointing.  (Also, they are not offering Free Prime Shipping anymore?  Please bring it back and I'll give you another chance!)"
540277,B0006SDRRE,A2Q0N5ZD4EGKFW,"Jehoiada ""KRM""",0,1,2,1207094400,Usually very good,"Their spice tea is usually very good and fresh, however, my most recent shipment is probably not very fresh.  In a previous shipment of teabags, I noticed that each teabag would quickly flavor a cup and a half of tea, whereas in the shipment I recently received, a bag will barely flavor one cup, and by the time it is well flavored, the tea is cold."
88675,B000PMJLJO,A13WBUX01Q4D35,A. Beckstedt,0,1,2,1246233600,It's beef jerky ...,I would recommend to stick with the bagged beef jerky. I bought these because I thought it would be much easier to transport with me on the go like road trips but the taste is way off compared to the bagged jerky and I didnt care for it. Very dissapointed in the taste.
165960,B0009F3SA0,AW7BCGE37EWKE,Ricky Lopez,0,0,4,1265587200,Citrus after taste,"I don't like the citrus after taste the tea leaves in the back of my throat.  My fiance, however loves it.  I will say however, that the mint scent is very relaxing.  It may be the way I am brewing the tea: I tried brewing for 1-2 minutes, 5-6 minutes and 9-10 minutes.  The box recommends a brew time of 9-10 minutes, but I've found that too short a brewing time tastes like poorly flavored watered, but too long a brewing time really kicks up the notch on that citrus after taste.  My fiance says that she doesn't think it taste like citrus, but rather more of a sweet honey flavor.<br /><br />Update: I now brew about 4 minutes but in a much bigger cup and now I enjoy the tea (although I still think other tea's taste better) So I'm changing from 3 stars to 4 stars."
215494,B0014X5O1C,A8NWJUAKUT0EA,Rina Ikubura,0,0,5,1284940800,Great stuff!!,"I wasn't sure what to expect when I first tried the Izze Sparkling drink, but I was pleasantly surprised. The drink is carbonated, but the carbonation is just right, not too strong or too weak. Although the 8.4 oz drink has 90 calories and 21g of sugar, it does contain 70% fruit juice which can be pretty sweet.<br /><br />This is a refreshing drink, and a nice size if you want something less than a regular 12 oz can. There is very little after taste, if any at all, and the beverage provides a refreshing light feeling clem juice inspired experience. Also, Izze drinks are best served cold!"
560245,B002UT92EY,A2TCUHC9FST857,D. Newell,5,5,5,1314403200,This stuff saved me a lot of money in vet bills,"We originally got 2 cats from our shelter, and one seemed to be healthy as a rock from day 1 (Zachy), but the other (Doc) had problems with soft bowel movements and really stinky odors.<br /><br />After a lot of vet visits and treatments, and many months of steroids, he got a bit better....at least well enough for us to not be worried about it.<br /><br />We added a 3rd cat (Sully) 4-5 months later, and he had worms at first....we treated the poor guy for worms, got those cleared up...but his bowel issues persisted. We ran hundreds of dollars of tests and half a dozen vet visits to 2 different vets with the poor guy.<br /><br />He was bloated with bad gas, farted all the time (and could clean out a room), and his poop was just absolute liquid..and would squirt fiercely all over the side of the litter box because he had so much gas.<br /><br />We were finally at a loss what to do, we had him on Prescription Diet (WD) and he got a little better, but not much.<br /><br />Finally one day, I saw a Blue Buffalo rep at Petco, and I was just chatting with him about my cats having issues throwing up food after eating. The guy really knew his stuff, and immediately asked if their food bowl was on the ground. It was, and he suggested I elevate it about 4-5 inches. Immediately, it stopped all problems they were having throwing up.<br /><br />Next time I was in the store we were talking about my cat's stomach problems and I was buying some Science Diet for sensitive stomachs (which did as much (or little) as the WD, so we were using it) and he asked if I had tried any of Blue Buffalo's products. He wasn't pushy at all, but said it might be worth a shot trying the wilderness line and getting rid of the grains.<br /><br />After doing some quick research online on my mobile phone, I was really skeptical...I saw some reviews where people said their cats didn't like it or threw up with it, and I was a little concerned.<br /><br />However, I finally decided to try it, and I bought a bag.<br /><br />Even mixed in with the old food, I saw almost an immediate difference the day after starting. Sully's gas started getting better and his poo got a little firmer.<br /><br />By the time I had them on 100% of the Wilderness Chicken, his poo stink was gone, his stomach swelling was gone, and he didn't have his gas anymore....and his poo was looking normal!<br /><br />Fast forward a few months and 4x 12 lb bags later, these guys are doing absolutely great. One of my first cats, Doc, no longer has his bowel stink or soft poop issues...and I don't have to feed him steroid pills. Zachy is still just Zachy, I swear he could eat anything and be fine lol...and Sully has gained weight (we gained no weight when we first got him because of the bowel issues) and Doc's coat looks VERY healthy...we always called him crunchers because his coat just looked like crap all the time.<br /><br />Blue Buffalo is a life saver....I only wish I had discovered Grain Free cat foods about 500-600 dollars in vet bills before!"
442320,B0030HSFW0,A1USNCN66MRYC9,SYL,5,12,2,1325548800,You have no choice,"This is the only hog casing in small bag Amazon carry. So I don't have choice since I don't want to spend extra $$ on shipping. it's say for 25 pound on their bag but I could only fill with 15 lb. yes, if you include all the broken part, too thin or too thick part. the only thing I can say it is usable."
501118,B000YVGMZW,A3EIBXNQNZFP9J,roseo,0,0,5,1279238400,This Tuna is very tasty.,"Love this tuna, it's a bit spendy, but for me it's worth it. I find that a lot of tuna lately has no flavor at all.  I could eat this by itself right out of the can.  I use it with <a href=""http://www.amazon.com/gp/product/B000GPRNGS"">Annie Chun's Rice Express Sprouted Brown Rice, 6.3-Ounce Microwavable Bowls (Pack of 6)</a>"
540270,B0006SDRRE,A1O517S04FAE88,"Its Darc ""Darcy""",0,0,5,1152316800,Not for everyone,"I happen to love this tea, but it's a very heavy spice flavor and if I drink too much, I do get a lot of heart burn!  If you are one that lives on tums, this might not be for you!  Even the smell of the tea as it's brewing will scent your home, it's that strong!  Yum!"
549777,B004779XNW,AQH1MNE4X3H0D,DVSmith,0,0,4,1298937600,Bold Coffee Lovers - You'll Love This!,"Dark Magic is one of my favorite Keurig coffees. I love a dark roast, full bodied coffee - and this one delivers. It's not bitter - it's just rich in flavor. Other bold coffees aren't really bold to me in the Keurig, but this one certainly is. Try it and I think you'll like it!"
442283,B0030HSFW0,A2MP0MXACK5LCP,Epicurus9149,3,3,3,1337299200,Not all I had hoped for.,"First the good aspects, and there were a few. The casings are easy to untangle and sort, and, when smoked and cured, they are not too tough to the bite as they sometime can be. However, there are some serious drawbacks. The casings I got were riddled with holes, most of which were too small to cause much trouble. However the majority of the casings in the pack had at least one serious breech that led to a number of blown casings in the stuffing process. If you get this product (not that there are many alternatives here), make sure that you inspect the casings carefully as you rinse them out and cut out any bad spots. You will get a shorter chain of sausage links, but you will avoid the frustration of a blown casing when you are halfway through a chain and all the associated waste."
268275,B0040K41MY,A2SNRRXE9M9ZDY,"Live2Cruise ""Live2Cruise""",0,3,5,1338249600,Who knew something that tastes so good could be so good for you?,"When I got ready to try this cereal, I got a bit nervous reading the box.  Clearly, a product with all organic ingredients, nothing artificial, that's high in fiber and has omega-3s was going to be good for me, but how would it taste?  At first bite I was very pleasantly surprised.  The cereal has a great, crispy-puffy texture and a vanilla sweetness that I'm pretty sure even kids would like.  It gives me energy to get through the morning and keeps me full til lunchtime.  It would be great as a snack or even a crunchy topping for vanilla ice cream.  I enjoy eating this every morning and will definitely buy this cereal in the future."
128215,B00014IVPQ,A1I7YF9V66BV7F,tried it,0,0,5,1347667200,Best coconut oil ever,"Delicious smell (pure coconut oil), smooth , amazing price. Never have had coconut oil that actually smelled like coconut! I guess it's the pureness, perhaps? Great stuff! I want to eat it, and will since it's a great supplement."
88672,B000PMJLJO,A1BCQF9CZ5P1RF,"Pat Gaskin ""dog lover""",1,2,4,1230595200,My Dog Loves The Beef 1oz Beef Steaks,I have a border collie and my husband started to give our dog a jacks beef steak every night as a treat. Now I buy boxes of 24 all the time and the vet says they are better to give then a raw hide or some of the treats in the stores .So I think they are ok in my book. Hard to find 1oz ones sometimes but they are worth the price.
442316,B0030HSFW0,ARQGYNGPRQL62,Jon,0,0,5,1335830400,Great stuff,"The product arrived in a timely  fashion . Was easy to use .well packaged .2 guys who had no Idea of what we were doing got great  results. Thanks<a href=""http://www.amazon.com/gp/product/B0030HSFW0"">Eastman Outdoors 38672 Natural Hog Casings, for 25-Pounds of Sausage</a>"
310104,B008EM51FA,AUV34RMJ7BYFO,sinai,0,0,5,1350432000,ginger honey crystals,"excellent product, i love it. have to drink it every day! dissolve almost instantly. i recommended this product to everyone."
215467,B0014X5O1C,AU69ERKOK9ZSJ,Nicholas Dujmovic,1,1,5,1209254400,"tasty, healthy, convenient, surprisingly practical","I was skeptical, but I'm convinced now this is an excellent product. Izze produces a delicious soda-like drink that is actually good for you.  I would not hesitate giving this to my soda-deprived kids.  With 70 percent juice and 30 percent sparkling water, what's not to like? In particular, the Sparkling Clementine is a refreshing drink.  Moreover, the small size (8.4 oz) is actually a virtue, as it fits handily in the old lunchbox.<br /><br />Most of my skepticism concerned the economics. I worked out that, disregarding s/h, if you get a case of this stuff it works out to about 10 1/2 cents per ounce.  Surely it's much cheaper, I thought, just to buy good juice and sparkling water at the store and mix it yourself.  Well, after doing the numbers I found it is cheaper, but not much--by about two cents per ounce, and that doesn't include the cost of gas to get to the store.  So you pay a little bit--at most a quarter per can--for the added convenience of a handy little can of delicious drink.  I recommend this highly, even though I'm frankly not sure how Izze does it."
128218,B00014IVPQ,A1G0SMFAFMI2GW,Kathleen Fuller,0,0,5,1343520000,Love this stuff!,"I'm very pleased with this product. The coconut taste is there, but its not overpowering. I have a spoonful in my oatmeal every morning. Delicious! Highly recommend."
165593,B001QE7J2G,A3Q3OI62PD1NTO,kmayers,2,2,5,1329177600,Best dog food!,"This is by far the best dog food I've given my dog! I was having problems with my dog eating for almost a year before we started this dog food. She just wouldn't want to eat. We feed her twice a day, splitting up the daily amount. She just wasn't interested and would eat just a little bit once a day. When we switched her to this food, she has eaten her dog food (the whole amount) every day. I also read on a dog food rating website what the best dog foods were and Canidae was one of the top dog foods on the market! This makes me feel good about giving my dog something she loves and it's also very healthy. Let's just say, she has more energy than all of her doggie friends. She can play longer and harder than any of them and I know it's because I give her a quality dog food."
501116,B000YVGMZW,A1LFSTBR7L7PUT,"V. Wiedemann ""2 avid readers""",0,0,5,1284940800,wonderful tuna,"I normally buy top quality tuna packed in water from Amazon to avoid the genetically modified soy found in the water packed tuna in the grocery stores.  I also avoid tuna packed in genetically modified cottonseed oil and/or soy oil.<br /><br />This is the first time I've been willing to pay extra for tuna packed in olive oil so I can't compare this brand of tuna in olive oil to the really expensive ones.  It does not specify extra virgin olive oil and I noticed that the oil was quite light in color, but - trusting that it is actually olive oil and not canola sneaked in dishonestly - the flavor was very good.<br /><br />This is delicious, really meaty tuna.  It is packed solid with no ""little fish flakes"" in the can.  All I had to do was chop celery really fine and add a bit of fresh lemon juice and it was as good as - or better than - the tuna salad I make with all kinds of other things in it.<br /><br />The only criticism is that quite a few of the cans were dented, but not enough to make them unusable. This has been a problem with other canned goods ordered from Amazon.  However, to be fair, there are a lot of dented cans of everything on the shelves in my local supermarkets, so I don't think it is necessary an ""Amazon problem"".<br /><br />For a really fast, healthy and delicious meal for one, this tuna is terrific.  I will be ordering it again, for sure."
540219,B0006SDRRE,A3UCTJOKEZQLHI,Ms. Silver,1,1,5,1216166400,Tea is a matter of personal taste.,"I would not call this review objective. I have awarded MarketSpice Tea five stars, and I have loved its intensely spicy cinnamon-orange taste since the 1970's when I first tasted it and knew it only as Seattle tea. Chacun a son gout."
268284,B0040K41MY,A1M4QC5BZDMBIZ,"John Doe ""media man""",1,1,5,1340150400,OMG this stuff is good!,"OK - so I was expecting card board ... I like to joke about what my father-in-law once told me while he was attempting to diet:  here was his rule for staying thin, ""if it tastes like card board it is OK; if it tastes good, spit it out!""  This stuff tastes great.  It is very crunchy, and has a wholesome sweetness to it.  I loved it, the kids loved it, and my wife loved it.  I ate it every day until the box was empty.  Will you like it?  I can't say, because taste is well ... a matter of taste.  So you can make a mental comparison; here are some of my favorite cereals:  shredded mini wheat, golden grahams, and grape nuts."
310119,B008EM51FA,AYL2GUZYVM7JH,"Patience A. Pecoraro ""skin guru""",0,0,5,1321315200,I love this product and it's way cheaper than Whole Foods,"I love this product and the taste is amazing. I use it in recipes too that call for ginger instead of ginger powder. This is fast and convenient. I take it for travel and after a long scuba dive, super convenient and a great price. Love, love, love this..."
79832,B001IZM92S,AMSKI8N7204UL,JeanBat,0,0,5,1306108800,Bare Fruit Organic Bake-Dried Apples,"Outstanding!  These apples are addicting.  They are sweet and crunchie.  Why eat potato chips when you can have these delicious, healthy, low-calorie, fat-free chips."
442318,B0030HSFW0,A1UK8TLTHUZPG5,fitzage,2,4,5,1308787200,Worked for me,"I haven't tried to stuff sausage before. I usually just make it and use it more like breakfast sausage as patties or crumbled up in dishes.<br /><br />These casings seem to have worked as advertised, though."
79777,B001IZM92S,A18L5USSKUU7U7,BulkBuyer,1,1,5,1332288000,DELICIOUS,"I order these on a regular basis.  Very low in calories, crispy and tastes just like apples.  Why go for the sugared, unhealthy snacks, when you can have the real deal?  Buy these huge bags and put them in snack bags to save money.  I can't recommend these enough."
215518,B0014X5O1C,A3FKGKUCI3DG9U,Paul Moskowitz,0,0,5,1209686400,"Da Izze Code Decoded: Pomegranate=Apple, Apple= White Grape, ...","First there were two cases of IZZE: one each of Apple and Pomegranate.  I quickly cleaned out half of my refrigerator to make room for the 48 cans of IZZE.  Then a case of IZZE Clementine arrived. Finally, I received the sought-after Blackberry. The IZZEs were multiplying out of control.  The two new ones took up the rest of my refrigerator. There was no room for anything but IZZE. At my house, it has become all IZZE all the time.<br /><br />To the credit of IZZE, the ingredients of all their products are posted on the IZZE web site. The IZZEs have all natural ingredients, although the labeling indicates that the citrus varieties. e.g. Clementine and Grapefruit, contain Gum Arabic and Ester Gum. According to sources on the web, Gum Arabic is a purified natural vegetable gum obtained from the acacia tree that is used as a stabilizer/emulsifier.  Ester Gum is purified natural rosin from pine trees.  I suppose trees are natural.<br /><br />An interesting fact about the IZZEs is that for every type of IZZE, the fruit named on the front of the can does not correspond to the first-listed ingredient. Here is the IZZE code decoded: for Apple the main ingredient is White Grape, for Pomegranate it is Apple, for Clementine it is White Grape, for Grapefruit it is White Grape and for Blackberry it is White Grape.<br /><br />There is no caffeine in IZZE. The IZZE web site says that IZZE employees ride bikes to the local coffee shop. So you cannot live on IZZE alone! All of the IZZEs are fortified with vitamins, e.g., Vitamin B6, C, and Niacin. I am sure that the IZZE people anticipated the need for vitamins for people surviving on a diet consisting of IZZE and coffee.<br /><br />All of the IZZE flavors have their own character.  Some are weaker, others stronger.  In order of weak to strong for the four that I tried, I would arrange them as Apple, Clementine, Blackberry, and Pomegranate.  I prefer the more subtle flavors of Apple and Clementine. However, when I brought an assortment to a gathering of friends, all of the Pomegranate cans disappeared while the Apples remained untouched.  It is a matter of personal taste. People who are used to soda, which includes most people,  prefer the stronger Blackberry and Pomegranate. Juice people may like Apple or Clementine better. I give the Clementine 5 stars, the others 4 stars. All of the flavors are good. Which one you prefer is up to you."
128242,B00014IVPQ,A3FU4UD3Q105YB,Crystal Wilson,0,0,5,1290988800,I like it!!!,"I did research on the benefits of coconut oil and the skin how it absorbs easily and that it makes an ideal ointment for the relief of dry, rough and wrinkled skin and it's good for psoriasis and eczema suffers. I am brown skinned and I'm 47 and have good skin most people NEVER guess I'm 47 -- but I thought if this is good, it will preserve skin. Well, when I first put it on, my face felt like a baby's bottom, it seems to absorb well and I noticed my skin is even softer, and it does seem to have a ""glow"" --But I must admit after this absorbs my skin needs a little extra moisturizer (perhaps because it's getting colder) but I will follow up with a shea lotion."
79824,B001IZM92S,A177O4C817QX1V,Kay,0,0,4,1313971200,"Very crispy, Great Apple flavor with a slight sweetness","The price on this product is great, compared to the other prices on the market. You will not get a true apple taste or texture like the freeze dried ones. However, your not paying $25 a pound. These are very crisp and do have a great apple taste with the slight sweetness you'd expect from a Fuji apple. There is peelings on the apple pieces but it doesn't seem to make them bitter. About half of the pieces will need to be handled and ate in the way you would peanuts; for an adult this is fine but not a small child. Personally, I found them great and have signed up to get them shipped every month. Being a diabetic, these are a great item. Low in carbs (6 carbs per 1/4 cup) and helps with sweet cravings."
152309,B000LKZD4W,A3I5EONKU41MOD,Jennifer C. Jonquet,2,7,1,1283990400,HOLY BEEEEJEEEZUZ!!! YEEEECH!,"I eat meat and vegetarian foods , and prepare a wide variety of both....but just let me start out by saying , this stuff is flat out creepy!!! the texture is very slimy and not like jerky at all , and has like thick stringy veins in it....nothing like real meat jerky at all...very rubbery and hard to stomach...iam a big fan of stonewalls jerquee and will stick with that!!!  i just dont get trying to be all disgusting with the drippy sinewy veins that they are trying to win you over with??? even real meat jerky has a more palatable consistency."
268308,B0040K41MY,A378YGS70SFFW4,kim,0,0,4,1348617600,Another Great Natures Path Gluten-free product!,This is a delicious cereal.  crunchy and flavorful.  I would recommend it if you are on a Gluten-free diet or not!  : )
165938,B0009F3SA0,A1K5LVT31CG1IH,Kristin,0,0,5,1345334400,Great tasting tea,I came across this tea a few years ago and decided to give it a try when I was having trouble sleeping. Now I won't say that it's a miracle tea and knocks you flat on your butt after a few sips but it is calming. It has a great flavor to it too which I didn't expect with all the herbs and spices. Plus you get a hint of sweetness from the stevia that helps tie all the flavors together. I've tried other bedtime tea's and so far this one is my favorite.
560274,B002UT92EY,AYA6JIB66PGDE,David Kahler,0,0,5,1343433600,Amazing food,"I have to agree with most of the other reviews - this cat food is amazing. I have one cat who had digestive issues her whole life, and I figured that was just the way she was. I was feeding her Natural Balance. Ever since I switched to this food a couple years ago, all her issues completely disappeared. It's quite amazing, and definitely worth the price premium."
88608,B000PMJLJO,A1TMAVN4CEM8U8,Gunner,1,1,3,1267660800,maybe a 6 on a 10 point scale,"Jack Link's Beef Steak, Flavor, 1-Ounce Packages<br /><br />These are a nice snack, maybe a 6 on a 10 point scale, I prefer the <a href=""http://www.amazon.com/gp/product/B000FYVKRS"">Buffalo Bills 2.1lbs Hot Short Shots (120 beef sticks per bag)</a><br /><br />Gunner March, 2010"
152316,B000LKZD4W,AS8B1BPUTP6AR,Amber,1,7,1,1299196800,"Don't Buy, Nothing like Teriyaki Jerky","I became a vegetarian about three years ago, and before that, Teriyaki was my favorite flavor of beef jerky. So when I saw this, I immediately bought it. However, this was NOTHING like jerky. It was squishy, and tasted like bread, and the supposed ""Teriyaki"" flavor was nothing like any Teriyaki flavor I've ever had. No one in my house will eat it, so I'm returning it. If you buy, I guarantee you'll be sorry."
540241,B0006SDRRE,A2RHV3JRQH0RSB,"K. Ivey ""Kat""",0,0,5,1240012800,Wonderful Tea!,I love Marketspice tea.  I brew it up and make iced tea with it and it is wonderful!
88645,B000PMJLJO,A10VM50OFNAXHI,Cher,0,0,4,1265587200,beef jerky,"I've ordered this before and enjoy it, however wish it didn't have so much sodium."
165627,B001QE7J2G,A2X50XV8GRZ4HG,John,1,1,5,1241049600,Good food for our dogs,"I see a lot of negative comments from other reviews but when I look at the ingredients, the cost, and the value, this is the best food I have found.  We have two dogs and this food does them well. I gradually switched over from Blue Buffalo who raised their prices. The Canidae is a better product in my opinion anyway.  I asked the pet supply store owner, and she said in her years despite the negative reviews, there maybe 2-3 bags have ever been returned in her store.  I'm happy with the product and price, and the dogs like it too."
215434,B0014X5O1C,AQ9T9A5WJXVA9,Michael B. Richman,0,1,4,1208995200,Oh My Darling...,...Clemetine!  This all natural orangy drink from Izze is simply delicious.  It is refreshing to see an ever increasing trend towards real tasting foods and drinks using real ingredients.  I can't wait to try the other flavors.
442274,B0030HSFW0,A2APNFBYE2WDJ,Zack,8,8,4,1295395200,Sausage casings review,"After soaking these casings for 1/2 hr.and rinsing them out twice, they worked great and were surprisingly strong.  Had very few tears/rips."
442297,B0030HSFW0,A2GBPM7NP96746,1sttymhmownr,2,2,5,1312156800,High quality casings for sausage making,We ordered these casings to make sausage for the first time. They were high quality and worked wonderfully. Thanks to everyone who posted useful info in their reviews regarding rinsing the casings and stuffing the sausage. We didn't have any problems with tears and every sausage came out perfect.
233242,B007TJGZ4A,A2XPBTZZ4I080R,"Lyndsey M. ""LoveIGs""",0,0,5,1287705600,My Favorite Flavor,"This is my favorite flavor, I love these. The only thing I don't like about these K-Cups is throwing them away.  I feel like they should be able to make the plastic recyclable if cleaned out. Otherwise a very convenient product."
560272,B002UT92EY,A33TTM8GBNN1P0,Anna,0,0,4,1346803200,waaaait a minute: OATmeal is GRAIN!,"I have a diabetic cat, and I really need to feed him low low or no carbs. He likes this and his sugar's good and he's as healthy as can be expected on insulin, but I feel a bit deceived they are calling it ""grain free"" then listing oatmeal as an ingredient."
233356,B007TJGZ4A,A913PPWDZUF9E,Melissa Lanczycki,1,1,4,1282089600,needs more flavor,I use the cups on a lower cup level.  I make a smaller cup of this to get more flavor.  I've taste better.  I do like Gloris jean's coffee..this flavor is a little dull.
540233,B0006SDRRE,A2X6DNYRUZL7DW,Hope,0,0,5,1270425600,"Flavorful, fragrant and affordable.",I love this tea.  It was a souvenir form Seattle and we distributed them to friends and coworkers. everyone loves them! excellent product and prompt order delivery.
233253,B007TJGZ4A,A38VV3J6DQ5LSC,Rosi,0,0,3,1285113600,A little disappointed......,"I love my flavored k-cups, but this one I am somewhat disappointed with. It does not have the hazelnut flavor I expected. Gloria Jean's other flavors I do enjoy very much, like the Butter Toffee. I just ordered the variety pack to try some of the other flavors. This one just was not one of my favorites."
165607,B001QE7J2G,A3AU9Y5BQIPLFJ,Wave1884,1,1,5,1333584000,Our Schnauzers Love It!,"We have a 4yo miniature Schnauzer and 6mo giant Schnauzer. We only wanted to buy one type of food for both, so this worked out perfectly. It's very gentle and they seemed to digest it better(much less poop). Too, it's better quality than the best big box store stock. We'll definitely purchase this again!"
310137,B008EM51FA,A2P1RLG661OZX3,Student,0,2,2,1333670400,Not Very Good,"I got this because I am pregnant and experiencing nausea.  I had never had anything like this, so I was not aware of what it would be like.  I did read the reviews and most people seemed to really like this product, so I gave it a try.  I did not like it!  It is very spicy, which to me did not seem fitting for a drink.  I was only able to get down half a glass of this.  If you are pregnant and looking for something to ease your morning sickness, try ginger tea instead.  I got some lemon ginger tea... it is very good!  Also try ginger hard candies.  I got some of those as well.  If you are just a lover of all things ginger, go ahead and try it!"
540250,B0006SDRRE,A9PPCMD77JBYM,"Amber Delaine ""Amber Delaine""",0,0,5,1214611200,Delicious!,"My husband is absolutely addicted to this tea! After years of trying many flavors and varieties, he now drinks this and nothing else."
442312,B0030HSFW0,A3EHTOLRGRWL11,coz33179,0,0,4,1343433600,Essential product for the home sausage maker,"I bought these casings for my first attempt at making fresh sausage at home. They arrived quickly and as described for the most part. There are a few key things to note about these casings:<br /><br />1. There are 5 separate casings (each to hold approx. 5 lbs. of sausage), which simplified the process for me as a sausage-making rookie.<br /><br />2. The package is resealable, which is great for making 5 lbs. of sausage at a time. The casings can be stored in their own salt or you can add a bit of kosher salt to ensure freshness for several months.<br /><br />3. After being soaked in warm water for 30 minutes, it's really necessary to rinse them in cold water a couple times to remove the intense salt flavor. I used a small funnel, which really simplified the process.<br /><br />4. Make sure to include enough water in your sausage recipe, or else these casings will tear rather easily as you stuff them. I used my LEM 5-lb. stuffer (<a href=""http://www.amazon.com/gp/product/B000SQDTRC"">LEM Products 5 Pound Stainless Steel Vertical Sausage Stuffer</a>) and suffered a few broken casings initially due to not adding enough water.<br /><br />5. These casings take smoke very well and have held up nicely in my Weber smoker.<br /><br />Overall, I'd recommend this product for its convenience, natural taste and texture. The only downside I've seen is a lack of durability, but that's not much of an issue with a little practice."
165904,B0009F3SA0,AKFRR0QE0KTT6,jc recording,5,5,5,1224720000,Yogi Bedtime Tea,"<a href=""http://www.amazon.com/gp/product/B0009F3SA0"">Yogi Tea Calm, Bedtime, Tea Bags, 16-Count Boxes (Pack of 6)</a><br /><br />This tea works really well if you drink it an hour before you plan to go to sleep.  It helps you gently relax...and doesn't harm the liver!"
128209,B00014IVPQ,A2Z8LS94CJ6EFW,Class10seeker,2,3,4,1332979200,$8.97 for 16 ounces?,27 cents per ounce would make the 16 ounce container $4.32. $0.41 per ounce would make the 32 ounce container $13.12. Why does the price per ounce increase for the 32 ounce container?
79840,B001IZM92S,A30URC86F7JC6J,stasiu,0,0,5,1289088000,They are perfect.,I read so many comments about these dried Fuji Apple Chips. Most comments were good. I found these apple chips to be very tasty and crispy. I will buy them again.
540244,B0006SDRRE,AF3CAM6HWRGKY,Joanna Carroll,0,0,5,1234742400,The Very Best Tea,I had an opportunity to try this tea at my Hair Salon.  The MarketSpice Tea has a very unique and sweet taste without having to add sugar.<br />I would definately recommend MarketSpice Tea.
560250,B002UT92EY,A284JKA5SENDC0,K. Kelley,3,3,5,1318636800,absolutely the best,"My cat absolutely loves this food. Not to mention, after being on it for a year, she's lost 2 pounds, her coat looks unbelievable, she hardly ever has hairballs anymore, her bowels are healthy, and her eyes are clear as day. She's 13 years old and my vet cannot believe she really is, because she looks so good. He asked me at her annual exam what I've been feeding her! I will say, it smells AWFUL, but it really doesn't matter how it smells to me, she sure seems to love it."
165901,B0009F3SA0,AIEZT4CHIW7T6,Kachan,7,7,4,1231632000,It always relaxes me,"I am an eighteen-year-old college student and I love this tea. A friend gave me a pack and one night when I couldn't sleep, I took it and it was so utterly calming. It doesn't put me to bed quickly but the feeling I get from this tea is wonderful. I love taking it before bed because even if I'm not tired, I start feeling drowsy. The taste is also moderate. I personally need two spoons of sugar with tea or coffee and this needs nothing.  The taste at first is bland and bleh, but the after taste is sweet and stays in the back of your mouth for a while.<br /><br />I also gave my tea to two young children I was looking over with a friend. They were hyper ten-year-olds that ran up the walls and yelled a lot. We gave them the tea (with a bit of sugar and lied saying that there was honey in it) and the two drank the tea and enjoyed every bit of it. Sad thing was, they were too hyper for it to even work on them but it did calm them down slightly.<br /><br />Also, please remember to read the warning label! It states that mothers to be and nursing mothers should not drink the tea! I honestly don't know what will happen if they do but it's best to not find out."
560285,B002UT92EY,AD49674EWA74I,A. Lawless,1,2,3,1336521600,Cats Don't Really Like It,"I love Blue Buffalo products, but my cats are not fond of it.<br /><br />After reading articles about the awful ingredients and recalls on Fancy Feast products, I decided to make the switch to a healthier brand. We were already buying Blue Buffalo for dogs, and I know it is a very reputable brand so I thought my cats would love the Chicken flavored Cat Food. They don't. I even bought the wet food and they still will not eat it.<br /><br />I think my cats were so used to eating unhealthy junk food that they don't realize good food when it's in front of them. Hopefully I can transition them slowly into liking it.<br /><br />I gave the product 3 stars because I know this food is great, but my cats don't like eating it."
268234,B0040K41MY,AY1EF0GOH80EK,Natasha Stryker,0,0,3,1338595200,"ok, not as healthy as the box would have you believe","Nature's Path wants to lead you to a better breakfast, but better than what?  If you eat fruit loops, than this is probably healthier.  If you eat oatmeal in the morning, then this is not a better bowl.<br /><br />Let's start with VALUE:<br />This is a primarily a puffed cereal with some flakes.  The side of the box says a serving is 2/3 cup, but since it is mostly just puffs I think 1 cup is a better serving size to provide closer to what one needs to make it a couple of hours without your stomach growling.  Dense cereals like granola or Grape-nuts are an ample breakfast in a 2/3 cup serving but this is not.  So following that logic you don't get 10 servings in a box, you get about 6-7 -- so figure 1 box will last a week.  So about 55 cents a meal, not too bad.<br /><br />NUTRITION:<br />There are 7 grams of sugar in a 2/3 cup serving, so almost 10 grams for a cup of cereal.  I was shocked that this cereal didn't have more vitamins, the only thing it had was 4% iron.  It doesn't have gluten, but this is a moot point if you don't suffer from a legitimate allergy or condition were gluten makes you sick.  Gluten-free is so trendy right now I feel like this product is hitting a lot of buzz words but not hitting the mark on nutrition.<br /><br />TASTE:<br />The second ingredient is sweetener, and you can really tell.  I was shocked it tasted so sweet for being touted as a healthy cereal.  To me it tastes like a vanilla flavored  kid's cereal.  It is a mix of large corn puffs, seed-sized puffs that I assume are flax and flakes.  The texture is nice and crunchy but it doesn't hew up the roof of your mouth.  It is not good to eat dry because of the teeny-tiny sedd puffs, they get everywhere.  This might be good used to spruce up other cereals, like add 1/3 cup of it to half a bowl of bran flakes or something.  Or you can feed it to your kid as a breakfast treat.  My toddler LOVED a bowl of this cereal, but I wouldn't give it to her every morning.<br /><br />OTHER:<br />This stuff worked great in some homemade granola bars I made.  I cut out 2/3 of the sweetener and added this cereal in hopes of making them less dense and it worked great.  Gave them a bit of a ""Rice Crispy Treat"" texture.<br /><br />OVERALL: This cereal gets 3 stars because it does have decent fiber (4) and protein (almost 3) for a cup of cold cereal that doesn't taste like twigs.  I would want it again to add to my granola bars.  It would be good for kids who want a ""sugar cereal"" fix, but remember to give them some fruit with it since this isn't sprayed with vitamins.  Not great, but not horrible.  I guess if this was marketed as a kids cereal with a silly cartoon bear on the box we'd all be amazed at how good for you it is compared to Captain Crunch."
501071,B000YVGMZW,A132M8W7AHM8T3,Joseph Lucia,5,5,5,1246838400,Excellent Product,"Excellent product and fast shipping. This is the best tasting tuna on the market today. After eating this, I don't know how anyone could eat the ""packed in water"" canned tuna generally available on the market today."
540260,B0006SDRRE,A2L2X9BPC1WFAU,Steven Abercrombie,0,0,5,1174780800,Fantastic tea!,"A couple of years ago, my friend Rockie brought back some samples of Market Spice tea from Seattle. Everyone loved it! It has a strong spicy orange flavor. I am so glad it is now available at Amazon."
79784,B001IZM92S,A3VKBFC5K2INR4,"J. Kruger ""veganmania""",1,1,5,1274400000,Fantastic healthy treat,"I am a huge fan of these. They are light, crisp and hit the spot. For 2 lbs of organic apple chips you cant get a better deal. I have these shipped every two months. I take a few in a baggy as a snack or when i make my cream of wheat in the morning i break up a few. They are a healthy alternative to alot of the snacks out there. I would recommend these to anyone."
79764,B001IZM92S,A1WGH8V8P9R15A,"Bo Jenkins ""Dog Lover""",22,28,2,1262649600,Musty,"I was very excited to find this product in bulk, healthy and organic. What I wasn't happy about was the musty taste that every third bite or so possessed. The ones that didn't taste musty were delicious. They were so good in fact that it inspires you to keep trying and then...mustiness bites you. Yuck."
233376,B007TJGZ4A,A24SBBS282KLEM,Alex N.,0,0,4,1350172800,Good!!!,"Excellent flavor,very nice taste,love it,I really recommend this coffee.is not strong at all just fine,great whith cream or coffee mate."
549753,B004779XNW,A216T6LG9IKBDA,Lindsy M. Carranza,0,0,5,1313971200,Dark Magic Rules,Love this coffee! One of my favorites for my Keurig. Nice bold deep dark flavor. I never was big on bold coffee but once I had this I was hooked.
233372,B007TJGZ4A,A13YDB1VA6XW8T,"A. Cornell ""coffee lover""",2,3,2,1253577600,If you like grounds in your coffee,"then buy Gloria Jean's Hazelnut K-Cups.  Of the pack of 50 that came in the case, about 20 of them ""leaked"" grounds into the coffee.  Was only able to identify it before drinking if I put the cream in my mug first.  Otherwise, in black coffee we got our ""bonus"" unexpectedly.  Never again."
310125,B008EM51FA,A1VKY1DDWESMM,klukens,0,0,5,1313366400,Fantastic product and fantastic to work with,I have bought this product twice and will continue to buy this product. They are fast and always keeps me informed via email. I have never had any problems and the product always arrives without any problems. I give this 5 stars.
268235,B0040K41MY,AAA0TUKS5VBSA,Nerd Alert,0,0,4,1338595200,Crunchy Vanilla,"This Nature's Path cereal tastes a lot like vanilla Kashi cereals that I've eaten, but is lighter.  Still, it remains impressively crunchy in milk and the texture is an interesting mix of big shapes and tiny spheres.  Overall, a nice earthy blend with light sweetness and a good amount of vanilla.  It is very simple, but not bland.<br /><br />I am surprised to see some reviewers say it is cloyingly sweet.  To me, the sweetness was pretty subtle.  More akin to health brands than Lucky Charms.  For the record, I like both!  In terms of vitamin content, yes, it looks worse by the numbers, but that is the result of it being a simple mix of organic ingredients rather than a synthetic assembly with supplements added to make us feel better about eating it.<br /><br />Why not 5 stars?  While I like it, as a breakfast I do not think it would carry me far.  This could be helped by eating a large bowl, but these small boxes would not last long that way.  If you instead prefer a very light breakfast or want to eat this as a snack, I think it is a good option."
310120,B008EM51FA,A2ILQTBKZ3XSKF,Betty M.,0,0,5,1320710400,This tastes so good!,"This really tastes like ginger and honey!  Drink it hot or cold.  I like it as hot tea.  My son likes it both cold and hot.  It is inexpensive, too.  I will keep buying it as long as it is sold.  LOVE IT!!!"
540279,B0006SDRRE,A3IM1B4VQLNAFL,Andy,0,2,3,1171411200,bit too strong,"If you like bold, spicy flavored tea this is the tea for you. The cinnamon and orange flavor is robust and overpowering. Those that prefer a milder more natural taste of tea should look somewhere else."
79805,B001IZM92S,AE5A0AOJOAZJO,"Alexander J. Semritc ""Alexander""",0,0,5,1337385600,"great, healthy snack","As we get older an are allowed less to eat, it's good to find something good for us and that tastes great. These apples are delicious and are quite filling. We use them as snacks, plain or mixing them with other dried fruit. We also eat them on salads. I couldn't be more enthusiastic about a product. Our fiends buy them and leave a bowl out for their grandkids instead of candy. It's a perfect snack and the kids love them. If the price sounds high, remember they are dried apples, so they are very light."
215503,B0014X5O1C,A2RBHC9D8N7CVZ,"cdset ""cdset""",0,0,4,1211068800,Like a Refreshing Mimosa Without the Alcohol,"I remember those refreshing Mimosa's I used to have during Sunday brunches in cafes on the upper west side of Manhattan. The IZZE Sparkling Clementine flavor drink reminds me of those Mimosas, but without the accompanying lightheadedness of the champagne. Sparking water substitutes for the alcohol in this drink, and it is truly a satisfying and thirst quenching beverage on a hot summer afternoon or any time of the year, for that matter.<br /><br />The IZZE Sparkling Clemntine flavor is a combination of orange, white grape, apple and lemon juices combined with seltzer. If you have never tasted a Mimosa, the spakling water might fool you into thinking that you are drinking some brand of soft drink, but this is an all natural beverage with only 20g of carbs, and is fortified with Vitamin C and two B vitamins.<br /><br />Close your eyes, and take a sip. You will, indeed, believe you are drinking some high priced Mimosa at an expensive cafe. When you open them again, the realization will come to you that you have, instead, enjoyed a healthy, refreshing juice drink that actually comes from a can. Savor it!"
540217,B0006SDRRE,A2X7BN9429CL0T,Cappy,1,1,5,1260835200,Fabulous Tea!,"MarketSpice Tea is the best tea I've ever had the pleasure of enjoying.  Whenever I visit Seattle, I do ensure my first stop is Pike Place Market.  I stock up on this tea, take it back home, and then throw my stock into the freezer for months worth of future enjoyment.  It's also great that I may also replenish my stock right here at Amazon as well!  Do know that it does go rancid if not stored properly.  I find that the freezer the best place to store and prolong its life well after expiration.  This special blend of black tea with natural spices, cinnamon, orange peel, and essential oils is quite pleasing to the palate.  If you haven't had the pleasure of sampling this tea, do so!  You won't be disappointed."
549824,B004779XNW,A3RPT21JRGL296,Scoot,4,11,1,1292544000,Rip off,"Just like others have said, the description states quantity of 48, but you will only receive 24.  This is a big rip off.  I will not order k-cups from Amazon anymore.  Buyer beware!"
152319,B000LKZD4W,A3N5SKXEA0NN57,Light,0,13,1,1240185600,Not what it claims or a bit deceptive,"We tried this product, a bunch of us. And we are all vegetarian. We also do not like onion or garlic; one of the friends esp. is sensitive to this. Well, even calling the company, they are not forthcoming, because we could taste garlic in it, and compared to ""tasty eats"" soy jerky, this does not even compare.<br /><br />  So first, the ingredient ""vegetarian spices"" includes granulated garlic powder, possibly onion. In ayurvedic terms, this is not Sathwic for one's body.<br /><br />  We totally recommend the soy jerky by tasty eats. We ordered six cases of the ginger. They use no onion or garlic in any of their products. Most companies do list ""spices"" but they will almost always label garlic or onion powder separately. This company who makes the primal strips does not. After all the comparisons, we found tasty eats soy jerky to be the best taste, quality and texture.<br /><br />  In fact, they are out of Teriyaki, their best selling jerky, the original flavor, peppered and hot n' spicy. But we will order cases of them when they become available.  They provide a first class jerky that is healthy and proper for everyone; esp. vegans and vegetarians."
128188,B00014IVPQ,A1QMFFKDUGZE7E,fz,1,1,5,1348444800,Excellent service,"I contacted the seller about my concerns of ordering 3 jars and having the possibility of them breaking. On arrival, there were no damages. Excellent customer service, quick arrival. The product is great, I gifted one to a friend who uses it for eczema. It smells great too! tried it on my face but it ended up breaking me out for a week so I think I'll start using jojoba oil instead to moisturize/clean out pores on my face. This coconut oil is great for the rest of the body and eating/mixing in green tea."
88633,B000PMJLJO,A3XZDJGLJOIQG,"G. Kuhn ""Budman""",0,0,5,1294963200,Good stuff,"I picked one of these up at a convenience store for a snack. It was just the right amount for a mid-meal bite. I bought a whole box from Amazon to keep in the office. Other reviewers said that they thought these were too salty, or old. The box I received wasn't old, and as for salty - it's beef jerky stuff, what do you expect? Calories and fat content aren't bad either."
310136,B008EM51FA,A30LWKHG50WTM9,"Duped in FL ""Duped""",1,2,3,1321142400,"Spicy and satisfying, but not the best","The packets make an easy and quick way to make a spicy and sweet ginger tea. However, I prefer using <a href=""http://www.amazon.com/gp/product/B00029JDDE"">Ting Ting Jahe Ginger Candy (5.25oz)</a> to make my tea. Every packet has 17g of sugar, yet doesn't taste as sweet as Ting Ting Jahe in my opinion, which has only 3g per piece of candy. I also think that Ting Ting Jahe has a cleaner ginger flavor, but isnt as spicy as this product. This product also takes up more space and isnt as good a value as ting ting jahe. If you are looking for the quickest way to make a drink, these packets are the way to go. However, if you are willing to stir around the ginger candies until they dissolve, the ting ting jahe candies make a much better tasting drink, with less sugar and a cleaner finish. Plus, you can eat them as regular candies if you wish!"
549842,B004779XNW,A1LZZGK4QI3VEU,R. Friberg,4,5,5,1160870400,"Flavorful, strong, excellent",I have tried many flavors of the K-Cups since purchasing my machine a month ago.  Day in and day out I reach for the Extra Bold Dark Magic.  My wife and I both like coffee with flavor and richness.  Most of the other flavor choices are too bland for us.  We keep many of the other flavors and choices just for our guests.
165933,B0009F3SA0,A1I34N9LFOSCX7,Smeggy,7,10,3,1200700800,"i love YOGI teas, but this one doesn't work for me......","i've tried many calming & bedtime teas & none of them work for me, this is no exception. maybe i'm just immune to the ingredients???  i don't know. or perhaps i am just WAY too high strung & i need a triple dose or something.  all i know is it didn't help me fall asleep the two or three times i tried it.  and i don't like the taste of valerian, so while this blend really isn't that bad compared to some others i've tried it is ""not my cup of tea""."
501084,B000YVGMZW,A2GU7SQOQWFUU0,BG,2,2,5,1302825600,come'on Amazon .. the price?,"come'on Amazon!  i received a great order last year, and came back now to this price? Are you sure you aren't confusing the 3oz with the large size?  No order here.  FYI last years order was 5 star."
549719,B004779XNW,A3LNFN4CK4NT6H,D. M. Elms,0,0,5,1320883200,Magic in a K cup,"This is by far my favorite K cup. It is a strong flavorful and not harsh coffee different from a french roast no real burnt edge to it I admit I like it really strong  we also drink Newman's extra bold for mild coffee and so we have something to offer company but I buy these four 24 packs at a time, if you like it rich and strong with this you can't go wrong!"
